"用例编号","所属产品","所属模块","相关需求","用例标题","前置条件","步骤","预期","实际情况","关键词","优先级","用例类型","适用阶段","用例状态","B","R","S","结果","由谁创建","创建日期","最后修改者","修改日期","用例版本","相关用例"
"168918","数据资产_STD(#23)","/版本迭代测试用例/v6.4.5/岚图/多表唯一性校验支持明细数据中统计重复数(#9698)","","验证「多表唯一性」明细数据-多字段联合查询「重复数」统计正确","1. 资产平台已存在${DATASOURCE}_${DATABASE}_${TABLE}并授权给当前测试项目
2. ${TABLE} DDL\DML 如下：
drop table if exists table1;
create table if not EXISTS my_table_sink (
id int,
age string,
name string,
score string,
sex string
)USING paimon
tblproperties (
&#039;primary-key&#039; = &#039;id&#039;
);
INSERT INTO table1 VALUES
(1, &#039;11&#039;,&#039;林大&#039;,&#039;100&#039;,&#039;男&#039;),
(2, &#039;12&#039;,&#039;王二&#039;,&#039;99&#039;,&#039;男&#039;);
(3, &#039;13&#039;,&#039;张三&#039;,&#039;99&#039;,&#039;男&#039;);
(4, &#039;14&#039;,&#039;李四&#039;,&#039;100&#039;,&#039;女&#039;);
SELECT * FROM table1;
drop table if exists table2;
create table if not EXISTS my_table_sink (
id int,
age string,
name string,
score string,
sex string
)USING paimon
tblproperties (
&#039;primary-key&#039; = &#039;id&#039;
);
INSERT INTO table2 VALUES
(1, &#039;11&#039;,&#039;林大&#039;,&#039;100&#039;,&#039;男&#039;),
(2, &#039;12&#039;,&#039;王二&#039;,&#039;99&#039;,&#039;男&#039;);
(3, &#039;13&#039;,&#039;张三&#039;,&#039;99&#039;,&#039;男&#039;);
(4, &#039;14&#039;,&#039;李四&#039;,&#039;100&#039;,&#039;女&#039;);
SELECT * FROM table2;","1. 进入「数据质量」-「规则任务配置」-「监控对象」页面
2. 「规则名称」输入「test_rule」「选择数据源」选择「${DATASOURCE}」「选择数据库」选择「${DATABASE}」「选择数据表」选择「${TABLE}」
3. 「监控规则」新增「唯一性校验」「字段」选择「id」「sex」「统计函数」选择「多表唯一性校验」「过滤条件」设置为「id<100」「校验字段逻辑」选择「唯一」「和其他表的校验关系」选择为「且」「对比表」选择「table2」-「sex」「score」字段「强弱规则」选择为「弱规则」「规则描述」输入「测试规则」
4. 配置「调度属性」，保存规则
5. 临时运行规则
6. 进入「任务实例查询」页面，查看任务实例详情-明细数据
7. 校验字段统计数量数值正确","1. 进入成功
2. 监控对象配置成功
3. 监控规则配置完成
4. 规则保存成功
5. 规则校验失败
6. 明细数据内新增字段重复数统计字段
7. table1-id,sex重复值为0，table2-sex,score重复值为2","1. 
2. 
3. 
4. 
5. 
6. 
7.","","1","功能测试","功能测试阶段","正常","0","2","7","通过","可颂","2025-11-24","旺仔","2025-11-26","1","",""
"168917","数据资产_STD(#23)","/版本迭代测试用例/v6.4.5/岚图/多表唯一性校验支持明细数据中统计重复数(#9698)","","验证「多表唯一性」明细数据-单个字段「重复数」统计正确","1. 资产平台已存在${DATASOURCE}_${DATABASE}_${TABLE}并授权给当前测试项目
2. ${TABLE} DDL\DML 如下：
drop table if exists table1;
create table if not EXISTS my_table_sink (
id int,
age string,
name string,
score string,
sex string
)USING paimon
tblproperties (
&#039;primary-key&#039; = &#039;id&#039;
);
INSERT INTO table1 VALUES
(1, &#039;11&#039;,&#039;林大&#039;,&#039;100&#039;,&#039;男&#039;),
(2, &#039;12&#039;,&#039;王二&#039;,&#039;99&#039;,&#039;男&#039;);
(3, &#039;13&#039;,&#039;张三&#039;,&#039;99&#039;,&#039;男&#039;);
(4, &#039;14&#039;,&#039;李四&#039;,&#039;100&#039;,&#039;女&#039;);
SELECT * FROM table1;
drop table if exists table2;
create table if not EXISTS my_table_sink (
id int,
age string,
name string,
score string,
sex string
)USING paimon
tblproperties (
&#039;primary-key&#039; = &#039;id&#039;
);
INSERT INTO table2 VALUES
(1, &#039;11&#039;,&#039;林大&#039;,&#039;100&#039;,&#039;男&#039;),
(2, &#039;12&#039;,&#039;王二&#039;,&#039;99&#039;,&#039;男&#039;);
(3, &#039;13&#039;,&#039;张三&#039;,&#039;99&#039;,&#039;男&#039;);
(4, &#039;14&#039;,&#039;李四&#039;,&#039;100&#039;,&#039;女&#039;);
SELECT * FROM table2;","1. 进入「数据质量」-「规则任务配置」-「监控对象」页面
2. 「规则名称」输入「test_rule」「选择数据源」选择「${DATASOURCE}」「选择数据库」选择「${DATABASE}」「选择数据表」选择「${TABLE}」
3. 「监控规则」新增「唯一性校验」「字段」选择「sex」「统计函数」选择「多表唯一性校验」「过滤条件」设置为「id<100」「校验字段逻辑」选择「唯一」「和其他表的校验关系」选择为「且」「对比表」选择「table2」-「score」字段「强弱规则」选择为「弱规则」「规则描述」输入「测试规则」
4. 配置「调度属性」，保存规则
5. 临时运行规则
6. 进入「任务实例查询」页面，查看任务实例详情-明细数据
7. 校验字段统计数量数值正确","1. 进入成功
2. 监控对象配置成功
3. 监控规则配置完成
4. 规则保存成功
5. 规则校验失败
6. 明细数据内新增字段重复数统计字段
7. table1-sex重复值为3，table2-score重复值为2","1. 
2. 
3. 
4. 
5. 
6. 
7.","","1","功能测试","功能测试阶段","正常","0","2","7","通过","可颂","2025-11-24","旺仔","2025-11-26","1","",""
"168916","数据资产_STD(#23)","/版本迭代测试用例/v6.4.5/岚图/明细数据下载支持100W条数据(#9697)","","验证「数据质量」-「质量报告」详情-明细数据支持下载1万条数据","1. 资产平台已存在${DATASOURCE}_${DATABASE}_${TABLE}并授权给当前测试项目
2. ${TABLE} DDL\DML 如下：
drop table if exists table1;
create table if not EXISTS my_table_sink (
id int,
age string,
name string,
score string,
sex string

)USING paimon
tblproperties (
&#039;primary-key&#039; = &#039;id&#039;
);","1. 进入「数据质量」-「规则任务配置」-「监控对象」页面
2. 「规则名称」输入「test_rule」「选择数据源」选择「${DATASOURCE}」「选择数据库」选择「${DATABASE}」「选择数据表」选择「${TABLE}」
3. 「监控规则」新增「有效性校验」「字段」选择「score」「统计函数」选择「数值取值范围」「期望值」为「score > 150」「过滤条件」设置为「id != 100」「强弱规则」选择为「弱规则」「规则描述」输入「测试规则」
4. 配置「调度属性」，配置「规则报告」，保存规则
5. 临时运行规则
6. 第二天查看报告详情，下载明细数据","1. 进入成功
2. 监控对象配置成功
3. 监控规则配置完成
4. 规则保存成功
5. 规则校验失败
6. 成功下载脏数据前1w条数据","1. 
2. 
3. 
4. 
5. 
6.","","2","功能测试","功能测试阶段","正常","0","1","6","失败","可颂","2025-11-24","","0000-00-00","1","",""
"168915","数据资产_STD(#23)","/版本迭代测试用例/v6.4.5/岚图/明细数据下载支持100W条数据(#9697)","","验证「数据质量」-「规则实例」详情-明细数据支持下载100万条数据","1. 资产平台已存在${DATASOURCE}_${DATABASE}_${TABLE}并授权给当前测试项目
2. ${TABLE} DDL\DML 如下：
drop table if exists table1;
create table if not EXISTS my_table_sink (
id int,
age string,
name string,
score string,
sex string

)USING paimon
tblproperties (
&#039;primary-key&#039; = &#039;id&#039;
);
3. 数据表内有200w条数据","1. 进入「数据质量」-「规则任务配置」-「监控对象」页面
2. 「规则名称」输入「test_rule」「选择数据源」选择「${DATASOURCE}」「选择数据库」选择「${DATABASE}」「选择数据表」选择「${TABLE}」
3. 「监控规则」新增「有效性校验」「字段」选择「score」「统计函数」选择「数值取值范围」「期望值」为「score > 150」「过滤条件」设置为「id != 100」「强弱规则」选择为「弱规则」「规则描述」输入「测试规则」
4. 配置「调度属性」，保存规则
5. 临时运行规则
6. 进入「任务实例查询」页面，查看任务实例详情-明细数据
7. 点击下载明细数据","1. 进入成功
2. 监控对象配置成功
3. 监控规则配置完成
4. 规则保存成功
5. 规则校验失败
6. 明细数据预览正确
7. 成功下载脏数据前100w条数据","1. 
2. 
3. 
4. 
5. 
6. 
7.","","2","功能测试","功能测试阶段","正常","0","1","7","失败","可颂","2025-11-24","","0000-00-00","1","",""
"168914","数据资产_STD(#23)","/版本迭代测试用例/v6.4.5/岚图/质量报告取值范围、枚举值不通过场景说明优化(#9696)","","验证「有效性-枚举值」校验不通过时，质量报告文案优化正确","1. 资产平台已存在${DATASOURCE}_${DATABASE}_${TABLE}并授权给当前测试项目
2. ${TABLE} DDL\DML 如下：
drop table if exists table1;
create table if not EXISTS table1 (
id int,
age string,
name string,
score string,
sex string
)USING paimon
tblproperties (
&#039;primary-key&#039; = &#039;id&#039;
);
INSERT INTO table1 VALUES
(1, &#039;11&#039;,&#039;林大&#039;,&#039;100&#039;,&#039;男&#039;),
(2, &#039;12&#039;,&#039;王二&#039;,&#039;99&#039;,&#039;男&#039;);
(3, &#039;13&#039;,&#039;张三&#039;,&#039;99&#039;,&#039;男&#039;);
(4, &#039;14&#039;,&#039;李四&#039;,&#039;100&#039;,&#039;女&#039;);
SELECT * FROM table1;","1. 进入「数据质量」-「规则任务配置」-「监控对象」页面
2. 「规则名称」输入「test_rule」「选择数据源」选择「${DATASOURCE}」「选择数据库」选择「${DATABASE}」「选择数据表」选择「${TABLE}」
3. 「监控规则」新增「有效性校验」「字段」选择「score」「统计函数」选择「枚举值」「期望值」为「100,101,102」「过滤条件」设置为「id != 100」「强弱规则」选择为「弱规则」「规则描述」输入「测试规则」
4. 配置「调度属性」，保存规则
5. 临时运行规则
6. 进入「任务实例查询」页面，查看任务实例详情-明细数据
7. 进入「质量报告」页面查看报告详情信息","1. 进入成功
2. 监控对象配置成功
3. 监控规则配置完成
4. 规则保存成功
5. 规则校验失败
6. 明细数据预览正确
7. 规则校验不通过说明为“字段枚举值存在约定范围外的值，约定范围外的值的数量总计为2个，不符合规则“枚举值包含xx””","1. 
2. 
3. 
4. 
5. 
6. 
7.","","2","功能测试","功能测试阶段","正常","0","2","7","失败","可颂","2025-11-24","旺仔","2025-11-29","1","",""
"168913","数据资产_STD(#23)","/版本迭代测试用例/v6.4.5/岚图/质量报告取值范围、枚举值不通过场景说明优化(#9696)","","验证「有效性-数值取值范围」校验不通过时，质量报告文案优化正确","1. 资产平台已存在${DATASOURCE}_${DATABASE}_${TABLE}并授权给当前测试项目
2. ${TABLE} DDL\DML 如下：
drop table if exists table1;
create table if not EXISTS table1 (
id int,
age string,
name string,
score string,
sex string
)USING paimon
tblproperties (
&#039;primary-key&#039; = &#039;id&#039;
);
INSERT INTO table1 VALUES
(1, &#039;11&#039;,&#039;林大&#039;,&#039;100&#039;,&#039;男&#039;),
(2, &#039;12&#039;,&#039;王二&#039;,&#039;99&#039;,&#039;男&#039;);
(3, &#039;13&#039;,&#039;张三&#039;,&#039;99&#039;,&#039;男&#039;);
(4, &#039;14&#039;,&#039;李四&#039;,&#039;100&#039;,&#039;女&#039;);
SELECT * FROM table1;","1. 进入「数据质量」-「规则任务配置」-「监控对象」页面
2. 「规则名称」输入「test_rule」「选择数据源」选择「${DATASOURCE}」「选择数据库」选择「${DATABASE}」「选择数据表」选择「${TABLE}」
3. 「监控规则」新增「有效性校验」「字段」选择「score」「统计函数」选择「数值取值范围」「期望值」为「score > 150」「过滤条件」设置为「id != 100」「强弱规则」选择为「弱规则」「规则描述」输入「测试规则」
4. 配置「调度属性」，保存规则
5. 临时运行规则
6. 进入「任务实例查询」页面，查看任务实例详情-明细数据
7. 进入「质量报告」页面查看报告详情信息","1. 进入成功
2. 监控对象配置成功
3. 监控规则配置完成
4. 规则保存成功
5. 规则校验失败
6. 明细数据预览正确
7. 规则校验不通过说明为“存在字段值不符合取值范围区间，不在区间内的数量为4个，不符合规则“取值范围xx”","1. 
2. 
3. 
4. 
5. 
6. 
7.","","2","功能测试","功能测试阶段","正常","0","2","7","失败","可颂","2025-11-24","旺仔","2025-11-29","1","",""
"168912","数据资产_STD(#23)","/版本迭代测试用例/v6.4.5/岚图/分区设置支持选择框配置动态分区参数(sparkThrift/hive数据源)(#9695)","","验证「选择动态分区」-选择一、二级分区校验结果正确","1. 1. 已存在${DATASOURCE}_${DATABASE}_${TABLE}数据源，并授权到当前测试项目
2. 表 DDL\DML 如下：
drop table if exists my_table_sink;
create table if not EXISTS my_table_sink (
id int,
name string,
age int,
dt string,
hour string,
ts timestamp(3)
) USING paimon
partitioned by (dt,hour)
tblproperties (
&#039;primary-key&#039; = &#039;id&#039;
);
INSERT INTO paimon_table VALUES
(1, &#039;Alice&#039;,21, &#039;2025-11-20&#039;, &#039;14&#039;, TIMESTAMP &#039;2025-11-20 14:30:00.123&#039;),
(2, &#039;Lily&#039;, 22, &#039;2025-11-20&#039;, &#039;15&#039;, TIMESTAMP &#039;2025-11-20 14:30:00.123&#039;)
(3, &#039;Bob&#039;, 23, &#039;2025-11-21&#039;, &#039;14&#039;, TIMESTAMP &#039;2025-11-20 14:30:00.123&#039;),;","1. 进入「数据质量」-「规则任务配置」-「监控对象」页面
2. 选择「选择动态分区」，一级分区选择「dt」，一级分区值选择「参数1」（2025-11-20），二级分区选择「hour」，二级分区值选择「参数2」(14)
3. 点击「数据预览」
4. 「规则名称」输入「test_rule」「选择数据源」选择「${DATASOURCE}」「选择数据库」选择「${DATABASE}」「选择数据表」选择「${TABLE}」
5. 「监控规则」新增「有效性校验」「字段」选择「age」「统计函数」选择「数值取值范围」「期望值」为「age <= 21」「过滤条件」设置为「id != 100」「强弱规则」选择为「弱规则」「规则描述」输入「测试规则」
6. 配置「调度属性」，保存规则
7. 立即运行规则，查看规则运行结果
8. 进入任务实例页面查看规则明细数据","1. 进入成功
2. 一、二级分区数据选择成功
3. 展示所有数据(需要确认是否合理)
4. 监控对象配置成功
5. 监控规则配置完成
6. 规则保存成功
7. 规则校验通过
8. 没有脏数据","1. 
2. 
3. 
4. 
5. 
6. 
7. 
8.","","1","功能测试","功能测试阶段","正常","0","2","8","通过","可颂","2025-11-24","旺仔","2025-11-29","1","",""
"168911","数据资产_STD(#23)","/版本迭代测试用例/v6.4.5/岚图/分区设置支持选择框配置动态分区参数(sparkThrift/hive数据源)(#9695)","","验证「选择动态分区」-仅选择一级分区校验结果正确","1. 1. 已存在${DATASOURCE}_${DATABASE}_${TABLE}数据源，并授权到当前测试项目
2. 表 DDL\DML 如下：
drop table if exists my_table_sink;
create table if not EXISTS my_table_sink (
id int,
name string,
age int,
dt string,
hour string,
ts timestamp(3)
) USING paimon
partitioned by (dt,hour)
tblproperties (
&#039;primary-key&#039; = &#039;id&#039;
);
INSERT INTO paimon_table VALUES
(1, &#039;Alice&#039;,21, &#039;2025-11-20&#039;, &#039;14&#039;, TIMESTAMP &#039;2025-11-20 14:30:00.123&#039;),
(2, &#039;Lily&#039;, 22, &#039;2025-11-20&#039;, &#039;15&#039;, TIMESTAMP &#039;2025-11-20 14:30:00.123&#039;),
(3, &#039;Bob&#039;, 23, &#039;2025-11-21&#039;, &#039;14&#039;, TIMESTAMP &#039;2025-11-20 14:30:00.123&#039;);","1. 进入「数据质量」-「规则任务配置」-「监控对象」页面
2. 选择「选择动态分区」，一级分区选择「dt」，一级分区值选择「参数1」（2025-11-20），不选择二级分区
3. 点击「数据预览」
4. 「规则名称」输入「test_rule」「选择数据源」选择「${DATASOURCE}」「选择数据库」选择「${DATABASE}」「选择数据表」选择「${TABLE}」
5. 「监控规则」新增「有效性校验」「字段」选择「age」「统计函数」选择「数值取值范围」「期望值」为「age <= 21」「过滤条件」设置为「id != 100」「强弱规则」选择为「弱规则」「规则描述」输入「测试规则」
6. 配置「调度属性」，保存规则
7. 立即运行规则，查看规则运行结果
8. 进入任务实例页面查看规则明细数据","1. 进入成功
2. 一级分区数据选择成功
3. 展示所有数据(需要确认是否合理)
4. 监控对象配置成功
5. 监控规则配置完成
6. 规则保存成功
7. 规则校验不通过
8. id 为2的那条数据被校验出来，age = 22，不符合期望值age<=21","1. 
2. 
3. 
4. 
5. 
6. 
7. 
8.","","1","功能测试","功能测试阶段","正常","0","2","8","通过","可颂","2025-11-24","旺仔","2025-11-29","1","",""
"168910","数据资产_STD(#23)","/版本迭代测试用例/v6.4.5/岚图/分区设置支持选择框配置动态分区参数(sparkThrift/hive数据源)(#9695)","","验证「选择动态分区」-一二级分区字段不可重复选择","1. 1. 已存在${DATASOURCE}_${DATABASE}_${TABLE}数据源，并授权到当前测试项目
2. 表 DDL如下：
drop table if exists my_table_sink;
create table if not EXISTS my_table_sink (
id int,
name string,
dt string,
hour string,
ts timestamp(3)
) USING paimon
partitioned by (dt,hour)
tblproperties (
&#039;primary-key&#039; = &#039;id&#039;
);","1. 进入「数据质量」-「规则任务配置」-「监控对象」页面
2. 选择「选择动态分区」，一级分区选择「dt」，一级分区值选择「参数1」
3. 点击二级分区字段选择下拉框
4. 选择「hour」字段","1. 进入成功
2. 选择成功
3. 不可选择「dt」字段
4. 可正常选择","1. 
2. 
3. 
4.","","3","功能测试","功能测试阶段","正常","0","1","4","通过","可颂","2025-11-24","旺仔","2025-11-29","1","",""
"168909","数据资产_STD(#23)","/版本迭代测试用例/v6.4.5/岚图/分区设置支持选择框配置动态分区参数(sparkThrift/hive数据源)(#9695)","","验证「选择动态分区」-「分区值」全局参数下拉框展示正确","1. 1. 已存在${DATASOURCE}_${DATABASE}_${TABLE}数据源，并授权到当前测试项目
2. 表 DDL如下：
drop table if exists my_table_sink;
create table if not EXISTS my_table_sink (
id int,
name string,
dt string,
hour string,
ts timestamp(3)
) USING paimon
partitioned by (dt,hour)
tblproperties (
&#039;primary-key&#039; = &#039;id&#039;
);","1. 进入「数据质量」-「规则任务配置」-「监控对象」页面
2. 选择「选择动态分区」，点击「请选择一级分区字段」下拉框
3. 「一级分区字段」选择「dt」
4. 点击「请选择一级分区值」
5. 选择参数
6. 点击「请选择二级分区」
7. 「二级分区字段」选择「hour」
8. 点击「请选择二级分区值」
9. 选择参数","1. 进入成功
2. 展示表A所有字段id,name,dt,hour,ts
3. 一级分区字段选择成功
4. 展示全局参数中的参数名${参数名称（注释）}
5. 「一级分区值」选择成功
6. 展示「hour」字段
7. 二级分区字段选择成功
8. 展示全局参数中的参数名${参数名称（注释）}
9. 「二级分区值」选择成功","1. 
2. 
3. 
4. 
5. 
6. 
7. 
8. 
9.","","3","功能测试","功能测试阶段","正常","0","1","9","通过","可颂","2025-11-24","旺仔","2025-11-29","1","",""
"168908","数据资产_STD(#23)","/版本迭代测试用例/v6.4.5/岚图/分区设置支持选择框配置动态分区参数(sparkThrift/hive数据源)(#9695)","","验证「选择动态分区」-表字段-搜索功能正确","1. 已存在${DATASOURCE}_${DATABASE}_${TABLE}数据源，并授权到当前测试项目
2. 表A包含字段 id,name,age ,ts,dt,pt
3. 表A未同步到数据地图内","1. 进入「数据质量」-「规则任务配置」-「监控对象」页面
2. 选择「选择动态分区」，点击「请选择一级分区字段」下拉框
3. 输入不存在的字段名“test”
4. 输入特殊字符“！@#¥%……&”
5. 输入“a”
6. 输入“age”
7. 选择「一级分区字段」为「dt」,选择分区值
8. 点击「请选择二级分区字段」
9. 输入不存在的字段名“test”
10. 输入特殊字符“！@#¥%……&”
11. 输入“p”
12. 输入“pt”","1. 进入成功
2. 展示表A所有字段id,name,age,dt,ts,pt
3. 匹配失败，展示空白缺省页
4. 匹配失败，展示空白缺省页
5. 模糊匹配出字段「name，age」
6. 仅展示“age”字段
7. 一级分区选择成功
8. 展示「pt」字段
9. 匹配失败，展示空白缺省页
10. 匹配失败，展示空白缺省页
11. 模糊匹配出字段「pt」
12. 仅展示“pt”字段","1. 
2. 
3. 
4. 
5. 
6. 
7. 
8. 
9. 
10. 
11. 
12.","","3","功能测试","功能测试阶段","正常","0","1","12","通过","可颂","2025-11-24","旺仔","2025-11-29","1","",""
"168907","数据资产_STD(#23)","/版本迭代测试用例/v6.4.5/岚图/分区设置支持选择框配置动态分区参数(sparkThrift/hive数据源)(#9695)","","验证「选择动态分区」-表元数据未同步-字段展示正确","1. 已存在${DATASOURCE}_${DATABASE}_${TABLE}数据源，并授权到当前测试项目
2. 表A包含字段 id,name,age ,ts,dt,pt
3. 表A未同步到数据地图内","1. 进入「数据质量」-「规则任务配置」-「监控对象」页面
2. 选择「选择动态分区」，点击「请选择一级分区字段」下拉框","1. 进入成功
2. 展示表A分区字段，如果没有分区，则展示所有字段(直连底层库查询)","1. 
2.","","3","功能测试","功能测试阶段","正常","0","1","2","通过","可颂","2025-11-24","旺仔","2025-11-29","2","",""
"168906","数据资产_STD(#23)","/版本迭代测试用例/v6.4.5/岚图/分区设置支持选择框配置动态分区参数(sparkThrift/hive数据源)(#9695)","","验证「选择动态分区」-表元数据已同步-失败-字段展示正确","1. 当前表A 已同步到数据地图
2. 表A包含字段 id,name,age ,ts,dt,pt
2. 当前表A dt/pt 字段为分区字段，但是采集失败(例如视图)","1. 进入「数据质量」-「规则任务配置」-「监控对象」页面
2. 选择「选择动态分区」，点击「请选择一级分区字段」下拉框","1. 进入成功
2. 展示表A所有字段id,name,age,dt,ts,pt","1. 
2.","","3","功能测试","功能测试阶段","正常","0","1","2","通过","可颂","2025-11-24","旺仔","2025-11-29","1","",""
"168905","数据资产_STD(#23)","/版本迭代测试用例/v6.4.5/岚图/分区设置支持选择框配置动态分区参数(sparkThrift/hive数据源)(#9695)","","验证「选择动态分区」-表元数据已同步-成功-分区字段过滤功能正确","1. 当前表A已同步到数据地图
2. 且当前表A dt/pt 字段为分区字段","1. 进入「数据质量」-「规则任务配置」-「监控对象」页面
2. 选择「选择动态分区」，点击「请选择一级分区字段」下拉框","1. 进入成功
2. 仅仅展示分区字段「dt\pt」","1. 
2.","","2","功能测试","功能测试阶段","正常","0","1","2","通过","可颂","2025-11-24","旺仔","2025-11-29","1","",""
"168904","数据资产_STD(#23)","/版本迭代测试用例/v6.4.5/岚图/分区设置支持选择框配置动态分区参数(sparkThrift/hive数据源)(#9695)","","验证「手动输入分区」支持输入「多级分区」功能正确","1. 1. 已存在${DATASOURCE}_${DATABASE}_${TABLE}数据源，并授权到当前测试项目
2. 表 DDL\DML 如下：
drop table if exists my_table_sink;
create table if not EXISTS my_table_sink (
id int,
name string,
age int,
dt string,
hour string,
ts timestamp(3)
) USING paimon
partitioned by (dt,hour)
tblproperties (
&#039;primary-key&#039; = &#039;id&#039;
);
INSERT INTO paimon_table VALUES
(1, &#039;Alice&#039;,21, &#039;2025-11-20&#039;, &#039;14&#039;, TIMESTAMP &#039;2025-11-20 14:30:00.123&#039;),
(2, &#039;Lily&#039;, 22, &#039;2025-11-20&#039;, &#039;15&#039;, TIMESTAMP &#039;2025-11-20 14:30:00.123&#039;),
(3, &#039;Bob&#039;, 23, &#039;2025-11-21&#039;, &#039;14&#039;, TIMESTAMP &#039;2025-11-20 14:30:00.123&#039;);","1. 进入「数据质量」-「规则任务配置」-「监控对象」页面
2. 选择「手动输入分区」，输入「dt='2025-11-21',hour='14'」
3. 点击数据预览
4. 「规则名称」输入「test_rule」「选择数据源」选择「${DATASOURCE}」「选择数据库」选择「${DATABASE}」「选择数据表」选择「${TABLE}」
5. 「监控规则」新增「有效性校验」「字段」选择「age」「统计函数」选择「数值取值范围」「期望值」为「age = 21」「强弱规则」选择为「弱规则」「规则描述」输入「测试规则」
6. 配置「调度属性」，保存规则
7. 立即运行规则，查看规则运行结果
8. 进入「任务实例查询」页面查看任务实例明细数据","1. 进入成功
2. 手动输入分区成功
3. 数据预览功能正确
4. 监控对象配置成功
5. 监控规则配置完成
6. 规则保存成功
7. 规则校验不通过
8. 二级分区下的age字段23 != 21","1. 
2. 
3. 
4. 
5. 
6. 
7. 
8.","","1","功能测试","功能测试阶段","正常","0","2","8","失败","可颂","2025-11-24","旺仔","2025-11-29","2","",""
"168903","数据资产_STD(#23)","/版本迭代测试用例/v6.4.5/岚图/分区设置支持选择框配置动态分区参数(sparkThrift/hive数据源)(#9695)","","验证「选择动态分区」后查看「全局参数」功能正确","1. 控制台-全局配置内新增、编辑新的全局参数","1. 进入「数据质量」-「规则任务配置」-「监控对象」页面
2. 选择「选择动态分区」，点击「全局参数」
3. 点击复制参数名称按钮","1. 进入成功
2. 展示所有全局参数(包含新增和编辑的)
3. 参数名称复制成功","1. 
2. 
3.","","3","功能测试","功能测试阶段","正常","0","1","3","通过","可颂","2025-11-24","旺仔","2025-11-29","1","",""
"168902","数据资产_STD(#23)","/版本迭代测试用例/v6.4.5/岚图/分区设置支持选择框配置动态分区参数(sparkThrift/hive数据源)(#9695)","","验证「选择动态分区」选项必填校验正确","无","1. 进入「数据质量」-「规则任务配置」-「监控对象」页面
2. 选择「选择动态分区」，不选择「一级分区字段」「一级分区字段值」，点击「下一步」","1. 进入成功
2. 提示必填项未填","1. 
2.","","3","功能测试","功能测试阶段","正常","0","1","2","通过","可颂","2025-11-24","旺仔","2025-11-29","1","",""
"168901","数据资产_STD(#23)","/版本迭代测试用例/v6.4.5/岚图/分区设置支持选择框配置动态分区参数(sparkThrift/hive数据源)(#9695)","","验证「选择动态分区」后页面交互正确","无","1. 进入「数据质量」-「规则任务配置」-「监控对象」页面
2. 选择「选择动态分区」","1. 进入成功
2. 展示「输入分区」右侧展示「全局参数」按钮必填项「请选择一级分区字段」「请选择一级分区值」下拉单选框非必填项「请选择二级分区字段」「请选择二级分区值」下拉单选框","1. 
2.","","3","功能测试","功能测试阶段","正常","0","1","2","通过","可颂","2025-11-24","旺仔","2025-11-29","1","",""
"168900","数据资产_STD(#23)","/版本迭代测试用例/v6.4.5/岚图/分区设置支持选择框配置动态分区参数(sparkThrift/hive数据源)(#9695)","","验证「数据质量」-「规则任务配置」-「监控对象」配置页新增「选择动态分区」选项","无","1. 进入「数据质量」-「规则任务配置」页面
2. 点击「新建监控规则」按钮，进入「监控对象」配置页面
3. UI CHECK","1. 进入成功
2. 进入成功
3. 「输入分区」下新增「选择动态分区」可选项","1. 
2. 
3.","","3","功能测试","功能测试阶段","正常","0","1","3","通过","可颂","2025-11-24","旺仔","2025-11-29","1","",""
"168899","数据资产_STD(#23)","/版本迭代测试用例/v6.4.5/岚图/质量关联离线任务支持根据名称匹配自动关联(#9694)","","验证「手动关联」任务插入逻辑正确","1. DT_demo租户下存在离线、质量同名项目test_project

2. 离线项目内存在DorisSQL/SparkSQL/HiveSQL任务 table_test并且已提交至运维中心

3. 质量项目内存在Doris/SparkThrift/Hive数据源下的table_test表校验规则

4. table_test DDL、DML如下：
drop table if exists my_table_sink;
create table if not EXISTS my_table_sink (
id int,
name string,
age int,
dt string,
hour string,
ts timestamp(3)
) USING paimon
partitioned by (dt,hour)
tblproperties (
&#039;primary-key&#039; = &#039;id&#039;
);

INSERT INTO paimon_table VALUES
(1, &#039;Alice&#039;,21, &#039;2025-11-20&#039;, &#039;14&#039;, TIMESTAMP &#039;2025-11-20 14:30:00.123&#039;),
(2, &#039;Lily&#039;, 22, &#039;2025-11-20&#039;, &#039;15&#039;, TIMESTAMP &#039;2025-11-20 14:30:00.123&#039;),
(3, &#039;Bob&#039;, 23, &#039;2025-11-21&#039;, &#039;14&#039;, TIMESTAMP &#039;2025-11-20 14:30:00.123&#039;);

5. 已存在「租户A」、「离线项目A」、「离线任务A、B、C、table_test」(已提交至运维中心)","1. 进入「数据质量」-「规则任务配置」页面
2. 「规则名称」输入「test_rule」「选择数据源」选择「${DATASOURCE}」「选择数据库」选择「${DATABASE}」「选择数据表」选择「${TABLE}」
3. 「监控规则」新增「有效性校验」「字段」选择「age」「统计函数」选择「数值取值范围」「期望值」为「age <=100 」「过滤条件」设置为「id != 100」「强弱规则」选择为「弱规则」「规则描述」输入「测试规则」
4. 点击下一步，进入「调度属性」配置页面
5. 点击「新增」，选择「租户A」、「离线项目A」、「离线任务A\B\C」
6. 保存规则
7. 进入离线平台，对离线任务A、B、C及其下游任务进行补数据操作，查看结果
8. 编辑规则，进入「调度属性」编辑页面
9. 「任务关联」处点击「自动关联」按钮
10. 保存规则
11. 进入离线平台，对离线任务A、B、C及其下游任务进行补数据操作，查看结果
12. 进入离线平台，对离线任务table_test及其下游任务进行补数据操作，查看结果","1. 进入成功
2. 监控对象配置成功
3. 监控规则配置完成
4. 进入成功
5. 手动关联任务正确
6. 规则保存成功
7. 离线任务全部运行后，质量规则任务也成功运行
8. 进入成功
9. 成功新增一条关联任务table_test
10. 规则保存成功
11. 离线任务全部运行后，质量规则任务也成功运行
12. 离线任务运行后，质量规则任务也成功运行","1. 
2. 
3. 
4. 
5. 
6. 
7. 
8. 
9. 
10. 
11. 
12.","","3","功能测试","功能测试阶段","正常","0","1","12","通过","可颂","2025-11-24","","0000-00-00","1","",""
"168898","数据资产_STD(#23)","/版本迭代测试用例/v6.4.5/岚图/质量关联离线任务支持根据名称匹配自动关联(#9694)","","验证「自动关联」任务覆盖逻辑正确","1. DT_demo租户下存在离线、质量同名项目test_project

2. 离线项目内存在DorisSQL/SparkSQL/HiveSQL任务 table_test并且已提交至运维中心

3. 质量项目内存在Doris/SparkThrift/Hive数据源下的table_test表校验规则

4. table_test DDL、DML如下：
drop table if exists my_table_sink;
create table if not EXISTS my_table_sink (
id int,
name string,
age int,
dt string,
hour string,
ts timestamp(3)
) USING paimon
partitioned by (dt,hour)
tblproperties (
&#039;primary-key&#039; = &#039;id&#039;
);

INSERT INTO paimon_table VALUES
(1, &#039;Alice&#039;,21, &#039;2025-11-20&#039;, &#039;14&#039;, TIMESTAMP &#039;2025-11-20 14:30:00.123&#039;),
(2, &#039;Lily&#039;, 22, &#039;2025-11-20&#039;, &#039;15&#039;, TIMESTAMP &#039;2025-11-20 14:30:00.123&#039;),
(3, &#039;Bob&#039;, 23, &#039;2025-11-21&#039;, &#039;14&#039;, TIMESTAMP &#039;2025-11-20 14:30:00.123&#039;);

5. 已存在「租户A」、「离线项目A」、「离线任务A」(已提交至运维中心)","1. 进入「数据质量」-「规则任务配置」页面
2. 「规则名称」输入「test_rule」「选择数据源」选择「${DATASOURCE}」「选择数据库」选择「${DATABASE}」「选择数据表」选择「${TABLE}」
3. 「监控规则」新增「有效性校验」「字段」选择「age」「统计函数」选择「数值取值范围」「期望值」为「age <=100 」「过滤条件」设置为「id != 100」「强弱规则」选择为「弱规则」「规则描述」输入「测试规则」
4. 点击下一步，进入「调度属性」配置页面
5. 「调度周期」选择「自动关联离线任务周期」
6. 点击「新增」，选择「租户A」、「离线项目A」、「离线任务A」
7. 保存规则
8. 进入离线平台，对离线任务及其下游进行补数据操作，查看结果
9. 编辑规则，进入「调度属性」编辑页面
10. 「任务关联」处点击「自动关联」按钮
11. 保存规则
12. 进入离线平台，对离线任务A及其下游进行补数据操作，查看结果
13. 进入离线平台，对离线任务table_test进行补数据操作，查看结果","1. 进入成功
2. 监控对象配置成功
3. 监控规则配置完成
4. 进入成功
5. 选择成功
6. 手动关联任务正确
7. 规则保存成功
8. 离线任务运行后，质量规则任务也成功运行
9. 进入成功
10. 成功关联任务table_test并覆盖手动添加的离线任务A
11. 规则保存成功
12. 离线任务正常运行，不运行质量规则(依赖解绑成功)
13. 离线任务运行后，质量规则任务也成功运行","1. 
2. 
3. 
4. 
5. 
6. 
7. 
8. 
9. 
10. 
11. 
12. 
13.","","2","功能测试","功能测试阶段","正常","0","1","13","通过","可颂","2025-11-24","","0000-00-00","1","",""
"168897","数据资产_STD(#23)","/版本迭代测试用例/v6.4.5/岚图/质量关联离线任务支持根据名称匹配自动关联(#9694)","","验证「手动关联」历史逻辑正确","1. 不存在离线、资产同名称项目
2. 当前测试表不存在离线任务上游
3. 已存在「租户A」、「离线项目A」、「离线任务A」(已提交至运维中心)","1. 进入「数据质量」-「规则任务配置」页面
2. 「规则名称」输入「test_rule」「选择数据源」选择「${DATASOURCE}」「选择数据库」选择「${DATABASE}」「选择数据表」选择「${TABLE}」
3. 「监控规则」新增「有效性校验」「字段」选择「age」「统计函数」选择「数值取值范围」「期望值」为「age <=100 」「过滤条件」设置为「id != 100」「强弱规则」选择为「弱规则」「规则描述」输入「测试规则」
4. 点击下一步，进入「调度属性」配置页面
5. 「任务关联」处点击「自动关联」按钮
6. 点击「新增」，选择「租户A」、「离线项目A」、「离线任务A」
7. 保存规则
8. 进入离线平台，对离线任务及下游进行补数据操作，查看结果","1. 进入成功
2. 监控对象配置成功
3. 监控规则配置完成
4. 进入成功
5. 提示“无法自动关联到离线任务，请手动配置”
6. 手动关联任务正确
7. 规则保存成功
8. 离线任务运行后，质量规则任务也成功运行","1. 
2. 
3. 
4. 
5. 
6. 
7. 
8.","","1","功能测试","功能测试阶段","正常","0","2","8","通过","可颂","2025-11-24","旺仔","2025-11-29","1","",""
"168896","数据资产_STD(#23)","/版本迭代测试用例/v6.4.5/岚图/质量关联离线任务支持根据名称匹配自动关联(#9694)","","验证「自动关联」血缘解析任务关联逻辑正确","1. 当前校验表无法查询到相同项目名称/数据表的任务
2. 当前表已同步至资产数据地图且存在离线任务上游，关系如下
任务A-&gt;任务B-&gt;table","1. 进入「数据质量」-「规则任务配置」页面
2. 「规则名称」输入「test_rule」「选择数据源」选择「${DATASOURCE}」「选择数据库」选择「${DATABASE}」「选择数据表」选择「${TABLE}」
3. 「监控规则」新增「有效性校验」「字段」选择「age」「统计函数」选择「数值取值范围」「期望值」为「age <=100 」「过滤条件」设置为「id != 100」「强弱规则」选择为「弱规则」「规则描述」输入「测试规则」
4. 点击下一步，进入「调度属性」配置页面
5. 「任务关联」处点击「自动关联」按钮
6. 保存规则
7. 进入离线平台，对离线任务B及下游进行补数据操作，查看结果
8. 进入离线平台，对离线任务A及下游任务进行补数据操作，查看结果","1. 进入成功
2. 监控对象配置成功
3. 监控规则配置完成
4. 进入成功
5. 成功关联任务B
6. 规则保存成功
7. 离线任务运行后，质量规则任务也成功运行
8. 离线任务运行后，质量规则任务也成功运行","1. 
2. 
3. 
4. 
5. 
6. 
7. 
8.","","2","功能测试","功能测试阶段","正常","0","1","8","通过","可颂","2025-11-24","旺仔","2025-11-30","1","",""
"168895","数据资产_STD(#23)","/版本迭代测试用例/v6.4.5/岚图/质量关联离线任务支持根据名称匹配自动关联(#9694)","","验证「自动关联」匹配失败-逻辑正确","1. 不存在离线、资产同名称项目
2. 当前测试表不存在离线任务上游","1. 进入「数据质量」-「规则任务配置」页面
2. 「规则名称」输入「test_rule」「选择数据源」选择「${DATASOURCE}」「选择数据库」选择「${DATABASE}」「选择数据表」选择「${TABLE}」
3. 「监控规则」新增「有效性校验」「字段」选择「age」「统计函数」选择「数值取值范围」「期望值」为「age <=100 」「过滤条件」设置为「id != 100」「强弱规则」选择为「弱规则」「规则描述」输入「测试规则」
4. 点击下一步，进入「调度属性」配置页面
5. 「任务关联」处点击「自动关联」按钮","1. 进入成功
2. 监控对象配置成功
3. 监控规则配置完成
4. 进入成功
5. 提示“无法自动关联到离线任务，请手动配置”","1. 
2. 
3. 
4. 
5.","","2","功能测试","功能测试阶段","正常","0","1","5","通过","可颂","2025-11-24","旺仔","2025-11-27","1","",""
"168894","数据资产_STD(#23)","/版本迭代测试用例/v6.4.5/岚图/质量关联离线任务支持根据名称匹配自动关联(#9694)","","验证「自动关联」匹配成功-逻辑正确","1. DT_demo租户下存在离线、质量同名项目test_project
2. 离线项目内存在DorisSQL/SparkSQL/HiveSQL任务 table_test并且已提交至运维中心
3. 质量项目内存在Doris/SparkThrift/Hive数据源下的table_test表校验规则
4. table_test DDL、DML如下：
drop table if exists my_table_sink;
create table if not EXISTS my_table_sink (
id int,
name string,
age int,
dt string,
hour string,
ts timestamp(3)
) USING paimon
partitioned by (dt,hour)
tblproperties (
&#039;primary-key&#039; = &#039;id&#039;
);
INSERT INTO paimon_table VALUES
(1, &#039;Alice&#039;,21, &#039;2025-11-20&#039;, &#039;14&#039;, TIMESTAMP &#039;2025-11-20 14:30:00.123&#039;),
(2, &#039;Lily&#039;, 22, &#039;2025-11-20&#039;, &#039;15&#039;, TIMESTAMP &#039;2025-11-20 14:30:00.123&#039;),
(3, &#039;Bob&#039;, 23, &#039;2025-11-21&#039;, &#039;14&#039;, TIMESTAMP &#039;2025-11-20 14:30:00.123&#039;);","1. 进入「数据质量」-「规则任务配置」页面
2. 「规则名称」输入「test_rule」「选择数据源」选择「${DATASOURCE}」「选择数据库」选择「${DATABASE}」「选择数据表」选择「${TABLE}」
3. 「监控规则」新增「有效性校验」「字段」选择「age」「统计函数」选择「数值取值范围」「期望值」为「age <=100 」「过滤条件」设置为「id != 100」「强弱规则」选择为「弱规则」「规则描述」输入「测试规则」
4. 点击下一步，进入「调度属性」配置页面
5. 「任务关联」处点击「自动关联」按钮
6. 保存规则
7. 进入离线平台，对离线任务及下游进行补数据操作，查看结果","1. 进入成功
2. 监控对象配置成功
3. 监控规则配置完成
4. 进入成功
5. 成功匹配出离线任务table_test
6. 规则保存成功
7. 离线任务运行后，质量规则任务也成功运行","1. 
2. 
3. 
4. 
5. 
6. 
7.","","1","功能测试","功能测试阶段","正常","0","2","7","通过","可颂","2025-11-24","旺仔","2025-11-27","1","",""
"168893","数据资产_STD(#23)","/版本迭代测试用例/v6.4.5/岚图/质量关联离线任务支持根据名称匹配自动关联(#9694)","","验证「数据质量」-「规则任务配置」-「调度配置」新增「自动关联」按钮","无","1. 进入「数据质量」-「规则任务配置」-「任务调度属性」配置页面
2. UI CHECK","1. 进入成功
2. 「任务关联」模块下新增「自动关联」按钮","1. 
2.","","3","功能测试","功能测试阶段","正常","0","1","2","通过","可颂","2025-11-24","旺仔","2025-11-27","1","",""
"168892","数据资产_STD(#23)","/版本迭代测试用例/v6.4.5/岚图/报告支持持续生成(#9693)","","验证「持续生成中报告」异常情况","1. 已存在质量周期调度规则任务(小时任务-间隔1小时)

2. 资产平台已存在${DATASOURCE}_${DATABASE}_${TABLE}并授权给当前测试项目
3. ${TABLE} DDL\DML 如下：
drop table if exists table1;
create table if not EXISTS table1 (
id int,
age string,
name string,
score string,
sex string

)USING paimon
tblproperties (
&#039;primary-key&#039; = &#039;id&#039;
);
INSERT INTO table1 VALUES
(1, &#039;11&#039;,&#039;林大&#039;,&#039;100&#039;,&#039;男&#039;),
(2, &#039;12&#039;,&#039;王二&#039;,&#039;99&#039;,&#039;男&#039;);
(3, &#039;13&#039;,&#039;张三&#039;,&#039;99&#039;,&#039;男&#039;);
(4, &#039;14&#039;,&#039;李四&#039;,&#039;100&#039;,&#039;女&#039;);
SELECT * FROM table1;","1. 进入「数据质量」-「规则任务配置」-「监控对象」页面
2. 「规则名称」输入「test_rule」「选择数据源」选择「${DATASOURCE}」「选择数据库」选择「${DATABASE}」「选择数据表」选择「${TABLE}」
3. 「监控规则」新增「有效性校验」「字段」选择「score」「统计函数」选择「数值取值范围」「期望值」为「score > 150」「过滤条件」设置为「id != 1」「强弱规则」选择为「弱规则」「规则描述」输入「测试规则」
4. 「调度属性」配置如下：「调度周期」选择「小时」「生效日期」为「2025-11-20～2025-11-20」「间隔时间」为 「1小时」「开始时间-结束时间」为「00:00:00～15:00:00」「规则拼接包」为「1」「资源组」选择「default」保存规则
5. 第二天10：00查看任务运行状态
6. 12:00中途服务异常，然后14:00服务恢复
7. 查看报告详情","1. 进入成功
2. 监控对象配置成功
3. 监控规则配置完成
4. 规则保存成功
5. 报告状态展示为「持续生成中」
6. 服务恢复健康
7. 报告正常展示，仍然持续更新实例运行结果(不影响)","1. 
2. 
3. 
4. 
5. 
6. 
7.","","1","功能测试","功能测试阶段","正常","0","2","7","通过","可颂","2025-11-24","","0000-00-00","1","",""
"168891","数据资产_STD(#23)","/版本迭代测试用例/v6.4.5/岚图/报告支持持续生成(#9693)","","验证「持续生成中报告」状态流程正确","1. 已存在质量周期调度规则任务(小时任务-间隔1小时)

2. 资产平台已存在${DATASOURCE}_${DATABASE}_${TABLE}并授权给当前测试项目
3. ${TABLE} DDL\DML 如下：
drop table if exists table1;
create table if not EXISTS table1 (
id int,
age string,
name string,
score string,
sex string

)USING paimon
tblproperties (
&#039;primary-key&#039; = &#039;id&#039;
);
INSERT INTO table1 VALUES
(1, &#039;11&#039;,&#039;林大&#039;,&#039;100&#039;,&#039;男&#039;),
(2, &#039;12&#039;,&#039;王二&#039;,&#039;99&#039;,&#039;男&#039;);
(3, &#039;13&#039;,&#039;张三&#039;,&#039;99&#039;,&#039;男&#039;);
(4, &#039;14&#039;,&#039;李四&#039;,&#039;100&#039;,&#039;女&#039;);
SELECT * FROM table1;","1. 进入「数据质量」-「规则任务配置」-「监控对象」页面
2. 「规则名称」输入「test_rule」「选择数据源」选择「${DATASOURCE}」「选择数据库」选择「${DATABASE}」「选择数据表」选择「${TABLE}」
3. 「监控规则」新增「有效性校验」「字段」选择「score」「统计函数」选择「数值取值范围」「期望值」为「score > 150」「过滤条件」设置为「id != 1」「强弱规则」选择为「弱规则」「规则描述」输入「测试规则」
4. 「调度属性」配置如下：「调度周期」选择「小时」「生效日期」为「2025-11-20～2025-11-20」「间隔时间」为 「1小时」「开始时间-结束时间」为「00:00:00～15:00:00」「规则拼接包」为「1」「资源组」选择「default」保存规则
5. 第二天10：00查看任务运行状态
6. 15:00过后再看任务运行状态","1. 进入成功
2. 监控对象配置成功
3. 监控规则配置完成
4. 规则保存成功
5. 报告状态展示为「持续生成中」
6. 当前数据周期内的实例均已跑完，报告状态变更为「已生成」(变更时间是定时任务刷新，暂定1小时)","1. 
2. 
3. 
4. 
5. 
6.","","2","功能测试","功能测试阶段","正常","0","1","6","失败","可颂","2025-11-24","","0000-00-00","1","",""
"168890","数据资产_STD(#23)","/版本迭代测试用例/v6.4.5/岚图/报告支持持续生成(#9693)","","验证「持续生成中报告」持续更新功能正确","1. 已存在质量周期调度规则任务(小时任务-间隔1小时)
2. 资产平台已存在${DATASOURCE}_${DATABASE}_${TABLE}并授权给当前测试项目
3. ${TABLE} DDL\DML 如下：
drop table if exists table1;
create table if not EXISTS table1 (
id int,
age string,
name string,
score string,
sex string
)USING paimon
tblproperties (
&#039;primary-key&#039; = &#039;id&#039;
);
INSERT INTO table1 VALUES
(1, &#039;11&#039;,&#039;林大&#039;,&#039;100&#039;,&#039;男&#039;),
(2, &#039;12&#039;,&#039;王二&#039;,&#039;99&#039;,&#039;男&#039;);
(3, &#039;13&#039;,&#039;张三&#039;,&#039;99&#039;,&#039;男&#039;);
(4, &#039;14&#039;,&#039;李四&#039;,&#039;100&#039;,&#039;女&#039;);
SELECT * FROM table1;","1. 进入「数据质量」-「规则任务配置」-「监控对象」页面
2. 「规则名称」输入「test_rule」「选择数据源」选择「${DATASOURCE}」「选择数据库」选择「${DATABASE}」「选择数据表」选择「${TABLE}」
3. 「监控规则」新增「有效性校验」「字段」选择「score」「统计函数」选择「数值取值范围」「期望值」为「score > 150」「过滤条件」设置为「id != 1」「强弱规则」选择为「弱规则」「规则描述」输入「测试规则」
4. 「调度属性」配置如下：「调度周期」选择「小时」「生效日期」为「2025-11-20～2025-11-22」「间隔时间」为 「1小时」「开始时间-结束时间」为「00:00:00～00:00:00」「规则拼接包」为「1」「资源组」选择「default」保存规则
5. 第二天10:00，进入质量报告页面查看报告
6. 进入详情查看
7. 当天12点，再次进入质量报告页面查看报告详情","1. 进入成功
2. 监控对象配置成功
3. 监控规则配置完成
4. 规则保存成功
5. 报告状态展示为「持续生成中」
6. 校验结果已输出0～10点的校验结果
7. 校验结果已输出0～12点的校验结果","1. 
2. 
3. 
4. 
5. 
6. 
7.","","1","功能测试","功能测试阶段","正常","0","2","7","通过","可颂","2025-11-24","旺仔","2025-12-01","1","",""
"168889","数据资产_STD(#23)","/版本迭代测试用例/v6.4.5/岚图/报告支持持续生成(#9693)","","验证「持续生成中报告」查看下载功能正确","1. 已存在质量周期调度规则任务(小时任务-间隔1小时)
2. 资产平台已存在${DATASOURCE}_${DATABASE}_${TABLE}并授权给当前测试项目
3. ${TABLE} DDL\DML 如下：
drop table if exists table1;
create table if not EXISTS table1 (
id int,
age string,
name string,
score string,
sex string
)USING paimon
tblproperties (
&#039;primary-key&#039; = &#039;id&#039;
);
INSERT INTO table1 VALUES
(1, &#039;11&#039;,&#039;林大&#039;,&#039;100&#039;,&#039;男&#039;),
(2, &#039;12&#039;,&#039;王二&#039;,&#039;99&#039;,&#039;男&#039;);
(3, &#039;13&#039;,&#039;张三&#039;,&#039;99&#039;,&#039;男&#039;);
(4, &#039;14&#039;,&#039;李四&#039;,&#039;100&#039;,&#039;女&#039;);
SELECT * FROM table1;","1. 进入「数据质量」-「规则任务配置」-「监控对象」页面
2. 「规则名称」输入「test_rule」「选择数据源」选择「${DATASOURCE}」「选择数据库」选择「${DATABASE}」「选择数据表」选择「${TABLE}」
3. 「监控规则」新增「有效性校验」「字段」选择「score」「统计函数」选择「数值取值范围」「期望值」为「score > 150」「过滤条件」设置为「id != 1」「强弱规则」选择为「弱规则」「规则描述」输入「测试规则」
4. 「调度属性」配置如下：「调度周期」选择「小时」「生效日期」为「2025-11-20～2025-11-22」「间隔时间」为 「1小时」「开始时间-结束时间」为「00:00:00～00:00:00」「规则拼接包」为「1」「资源组」选择「default」保存规则
5. 第二天10:00，进入质量报告页面查看报告
6. 进入详情查看
7. 下载报告","1. 进入成功
2. 监控对象配置成功
3. 监控规则配置完成
4. 规则保存成功
5. 报告状态展示为「持续生成中」
6. 校验结果已输出0～10点的校验结果
7. 报告下载成功，内容展示正确","1. 
2. 
3. 
4. 
5. 
6. 
7.","","1","功能测试","功能测试阶段","正常","0","2","7","通过","可颂","2025-11-24","旺仔","2025-12-01","1","",""
"168888","数据资产_STD(#23)","/版本迭代测试用例/v6.4.5/岚图/报告支持持续生成(#9693)","","验证「数据质量」-「质量报告」-「报告状态」筛选功能正确","无","1. 进入「数据质量」-「质量报告」-页面
2. 点击「报告状态」筛选框
3. 勾选「生成中」状态
4. 勾选「已生成」状态
5. 勾选「持续生成中」状态
6. 勾选「生成中」「已生成」状态
7. 全部勾选","1. 进入成功
2. 展示「生成中、已生成、持续生成中」三个选项
3. 仅展示「生成中」状态的报告
4. 仅展示「已生成」状态的报告
5. 仅展示「持续生成中」状态的报告
6. 展示「生成中」「已生成」状态的报告
7. 展示所有状态的报告","1. 
2. 
3. 
4. 
5. 
6. 
7.","","3","功能测试","功能测试阶段","正常","0","1","7","通过","可颂","2025-11-24","旺仔","2025-11-29","1","",""
"168887","数据资产_STD(#23)","/版本迭代测试用例/v6.4.5/岚图/报告支持持续生成(#9693)","","验证「数据质量」-「质量报告」-「报告状态」新增「持续生成中」选项","无","1. 进入「数据质量」-「质量报告」-页面
2. 点击「报告状态」筛选框","1. 进入成功
2. 展示「生成中、已生成、持续生成中」三个选项","1. 
2.","","3","功能测试","功能测试阶段","正常","0","1","2","通过","可颂","2025-11-24","旺仔","2025-11-29","1","",""
"168886","数据资产_STD(#23)","/版本迭代测试用例/v6.4.5/岚图/质量任务调度支持跟随离线任务调度设置周期(#9692)","","验证「手动关联离线任务-周期调度时间变更」-质量任务同步需编辑生效功能正确","1. 已存在离线任务A(自定义调度-天任务-每天12:00),已提交至运维中心
2. 校验表结构 (
id int,
age string,
name string,
score string,
sex string
)USING paimon
tblproperties (
&#039;primary-key&#039; = &#039;id&#039;
);
质量任务A配置如下：
「规则名称」输入「test_rule」
「选择数据源」选择「${DATASOURCE}」
「选择数据库」选择「${DATABASE}」
「选择数据表」选择「${TABLE}」
「监控规则」新增「有效性校验」
「字段」选择「score」
「统计函数」选择「数值取值范围」
「期望值」为「score &gt; 150」
「过滤条件」设置为「id != 100」
「强弱规则」选择为「弱规则」
「规则描述」输入「测试规则」","1. 进入「数据质量」-「规则任务配置」页面
2. 选择规则A，编辑进入「调度属性」配置页面
3. 「调度周期」选择「手动关联离线任务周期」
4. 「质量任务周期」选择「天」，「生效日期」选择为「2025-11-01～2025-12-01」 具体时间为「13:00」
5. 「任务关联」添加离线任务A
6. 触发离线任务A实例运行
7. 编辑离线任务，设置调度周期为小时任务，每隔一个小时运行一次
8. 不编辑规则，等待质量调度
9. 编辑规则，直接保存
10. 触发离线任务A实例运行","1. 进入成功
2. 进入成功
3. 选择成功
4. 配置成功
5. 关联离线任务成功
6. 在离线任务调度后，质量任务能够正常调度
7. 变更成功
8. 质量任务调度时刻仍为之前的时刻
9. 保存成功
10. 质量任务调度时刻调整（根据离线最后一个实例的调度时刻-更新质量任务实例的调度时刻）","1. 
2. 
3. 
4. 
5. 
6. 
7. 
8. 
9. 
10.","","2","功能测试","功能测试阶段","正常","0","1","10","通过","可颂","2025-11-24","旺仔","2025-12-01","1","",""
"168885","数据资产_STD(#23)","/版本迭代测试用例/v6.4.5/岚图/质量任务调度支持跟随离线任务调度设置周期(#9692)","","验证「手动关联离线任务周期」-离线「自定义调度周期任务」-质量「天任务」-质量任务运行逻辑正确","1. 已存在离线任务A(自定义调度周期任务-每天12:00),已提交至运维中心
2. 校验表结构 (
id int,
age string,
name string,
score string,
sex string
)USING paimon
tblproperties (
&#039;primary-key&#039; = &#039;id&#039;
);
质量任务A配置如下：
「规则名称」输入「test_rule」
「选择数据源」选择「${DATASOURCE}」
「选择数据库」选择「${DATABASE}」
「选择数据表」选择「${TABLE}」
「监控规则」新增「有效性校验」
「字段」选择「score」
「统计函数」选择「数值取值范围」
「期望值」为「score &gt; 150」
「过滤条件」设置为「id != 100」
「强弱规则」选择为「弱规则」
「规则描述」输入「测试规则」","1. 进入「数据质量」-「规则任务配置」页面
2. 选择规则A，编辑进入「调度属性」配置页面
3. 「调度周期」选择「手动关联离线任务周期」
4. 「质量任务周期」选择「天」，「生效日期」选择为「2025-11-01～2025-12-01」 具体时间为「13:00」
5. 「任务关联」添加离线任务A
6. 触发离线任务A实例运行
7. 编辑规则，「质量任务周期」选择「天」，「生效日期」选择为「2025-11-01～2025-12-01」 具体时间为「10:00」
8. 「任务关联」添加离线任务A
9. 触发离线任务A实例运行","1. 进入成功
2. 进入成功
3. 选择成功
4. 配置成功
5. 关联离线任务成功
6. 在离线任务调度后，质量任务能够正常调度
7. 
8. 关联离线任务成功
9. 10点时，质量任务不运行，等到12点后离线任务运行完成后质量任务起调；","1. 
2. 
3. 
4. 
5. 
6. 
7. 
8. 
9.","","2","功能测试","功能测试阶段","正常","0","1","9","通过","可颂","2025-11-24","旺仔","2025-12-01","1","",""
"168884","数据资产_STD(#23)","/版本迭代测试用例/v6.4.5/岚图/质量任务调度支持跟随离线任务调度设置周期(#9692)","","验证「手动关联离线任务周期」-离线「cron表达式任务」-质量「天任务」-质量任务运行逻辑正确","1. 已存在离线任务A(cron表达式任务 每天中午12:00),已提交至运维中心
2. 校验表结构 (
id int,
age string,
name string,
score string,
sex string
)USING paimon
tblproperties (
&#039;primary-key&#039; = &#039;id&#039;
);
质量任务A配置如下：
「规则名称」输入「test_rule」
「选择数据源」选择「${DATASOURCE}」
「选择数据库」选择「${DATABASE}」
「选择数据表」选择「${TABLE}」
「监控规则」新增「有效性校验」
「字段」选择「score」
「统计函数」选择「数值取值范围」
「期望值」为「score &gt; 150」
「过滤条件」设置为「id != 100」
「强弱规则」选择为「弱规则」
「规则描述」输入「测试规则」","1. 进入「数据质量」-「规则任务配置」页面
2. 选择规则A，编辑进入「调度属性」配置页面
3. 「调度周期」选择「手动关联离线任务周期」
4. 「质量任务周期」选择「天」，「生效日期」选择为「2025-11-01～2025-12-01」 具体时间为「13:00」
5. 「任务关联」添加离线任务A
6. 触发离线任务A实例运行
7. 编辑规则，「质量任务周期」选择「天」，「生效日期」选择为「2025-11-01～2025-12-01」 具体时间为「10:00」
8. 「任务关联」添加离线任务A
9. 触发离线任务A实例运行","1. 进入成功
2. 进入成功
3. 选择成功
4. 配置成功
5. 关联离线任务成功
6. 在离线任务调度后，质量任务能够正常调度
7. 编辑成功
8. 关联离线任务成功
9. 10点时，质量任务不运行，等到12点后离线任务运行完成后质量任务起调；","1. 
2. 
3. 
4. 
5. 
6. 
7. 
8. 
9.","","2","功能测试","功能测试阶段","正常","0","1","9","通过","可颂","2025-11-24","旺仔","2025-12-01","1","",""
"168883","数据资产_STD(#23)","/版本迭代测试用例/v6.4.5/岚图/质量任务调度支持跟随离线任务调度设置周期(#9692)","","验证「手动关联离线任务周期」-离线「周任务」-质量「天任务」-质量任务运行逻辑正确(业务异常场景)","1. 已存在离线任务A(周任务，每周二 12:00),已提交至运维中心
2. 校验表结构 (
id int,
age string,
name string,
score string,
sex string
)USING paimon
tblproperties (
&#039;primary-key&#039; = &#039;id&#039;
);
质量任务A配置如下：
「规则名称」输入「test_rule」
「选择数据源」选择「${DATASOURCE}」
「选择数据库」选择「${DATABASE}」
「选择数据表」选择「${TABLE}」
「监控规则」新增「有效性校验」
「字段」选择「score」
「统计函数」选择「数值取值范围」
「期望值」为「score &gt; 150」
「过滤条件」设置为「id != 100」
「强弱规则」选择为「弱规则」
「规则描述」输入「测试规则」","1. 进入「数据质量」-「规则任务配置」页面
2. 选择规则A，编辑进入「调度属性」配置页面
3. 「调度周期」选择「手动关联离线任务周期」
4. 「质量任务周期」选择「天」，「生效日期」选择为「2025-11-01～2025-12-01」
5. 「任务关联」添加离线任务A
6. 触发离线任务A实例运行","1. 进入成功
2. 进入成功
3. 选择成功
4. 配置成功
5. 关联离线任务成功
6. 离线任务周二之前未运行，质量任务自己运行(空跑)。仅在周二时，质量任务需要根据离线任务运行结束时间来调度质量任务","1. 
2. 
3. 
4. 
5. 
6.","","3","功能测试","功能测试阶段","正常","0","1","6","通过","可颂","2025-11-24","旺仔","2025-12-01","1","",""
"168882","数据资产_STD(#23)","/版本迭代测试用例/v6.4.5/岚图/质量任务调度支持跟随离线任务调度设置周期(#9692)","","验证「手动关联离线任务周期」-离线「天任务」-质量「月任务」-质量任务运行逻辑正确","1. 已存在离线任务A(天任务),已提交至运维中心
2. 校验表结构 (
id int,
age string,
name string,
score string,
sex string
)USING paimon
tblproperties (
&#039;primary-key&#039; = &#039;id&#039;
);
质量任务A配置如下：
「规则名称」输入「test_rule」
「选择数据源」选择「${DATASOURCE}」
「选择数据库」选择「${DATABASE}」
「选择数据表」选择「${TABLE}」
「监控规则」新增「有效性校验」
「字段」选择「score」
「统计函数」选择「数值取值范围」
「期望值」为「score &gt; 150」
「过滤条件」设置为「id != 100」
「强弱规则」选择为「弱规则」
「规则描述」输入「测试规则」","1. 进入「数据质量」-「规则任务配置」页面
2. 选择规则A，编辑进入「调度属性」配置页面
3. 「调度周期」选择「手动关联离线任务周期」
4. 「质量任务周期」选择「月」，「生效日期」选择为「2025-11-01～2025-12-01」，「每月15号」「每月30号」
5. 「任务关联」添加离线任务A
6. 触发离线任务A实例运行","1. 进入成功
2. 进入成功
3. 选择成功
4. 配置成功
5. 关联离线任务成功
6. 质量任务仅在15/30号两天进行实例调度运行，且在离线实例运行过程后执行","1. 
2. 
3. 
4. 
5. 
6.","","2","功能测试","功能测试阶段","正常","0","1","6","失败","可颂","2025-11-24","旺仔","2025-12-01","1","",""
"168881","数据资产_STD(#23)","/版本迭代测试用例/v6.4.5/岚图/质量任务调度支持跟随离线任务调度设置周期(#9692)","","验证「手动关联离线任务周期」-离线「天任务」-质量「周任务」-质量任务运行逻辑正确","1. 已存在离线任务A(天任务),已提交至运维中心
2. 校验表结构 (
id int,
age string,
name string,
score string,
sex string
)USING paimon
tblproperties (
&#039;primary-key&#039; = &#039;id&#039;
);
质量任务A配置如下：
「规则名称」输入「test_rule」
「选择数据源」选择「${DATASOURCE}」
「选择数据库」选择「${DATABASE}」
「选择数据表」选择「${TABLE}」
「监控规则」新增「有效性校验」
「字段」选择「score」
「统计函数」选择「数值取值范围」
「期望值」为「score &gt; 150」
「过滤条件」设置为「id != 100」
「强弱规则」选择为「弱规则」
「规则描述」输入「测试规则」","1. 进入「数据质量」-「规则任务配置」页面
2. 选择规则A，编辑进入「调度属性」配置页面
3. 「调度周期」选择「手动关联离线任务周期」
4. 「质量任务周期」选择「周」，「生效日期」选择为「2025-11-01～2025-12-01」，「周二」「周三」
5. 「任务关联」添加离线任务A
6. 触发离线任务A实例运行","1. 进入成功
2. 进入成功
3. 选择成功
4. 配置成功
5. 关联离线任务成功
6. 周一离线任务实例运行，质量任务实例不运行；周二、周三当天离线任务实例运行完成后质量任务运行","1. 
2. 
3. 
4. 
5. 
6.","","2","功能测试","功能测试阶段","正常","0","1","6","通过","可颂","2025-11-24","旺仔","2025-12-01","1","",""
"168880","数据资产_STD(#23)","/版本迭代测试用例/v6.4.5/岚图/质量任务调度支持跟随离线任务调度设置周期(#9692)","","验证「手动关联离线任务周期」-离线「天任务」-质量「天任务」-质量任务运行逻辑正确","1. 已存在离线任务A（天任务 每天12:00),已提交至运维中心
2. 校验表结构 (
id int,
age string,
name string,
score string,
sex string
)USING paimon
tblproperties (
&#039;primary-key&#039; = &#039;id&#039;
);
质量任务A配置如下：
「规则名称」输入「test_rule」
「选择数据源」选择「${DATASOURCE}」
「选择数据库」选择「${DATABASE}」
「选择数据表」选择「${TABLE}」
「监控规则」新增「有效性校验」
「字段」选择「score」
「统计函数」选择「数值取值范围」
「期望值」为「score &gt; 150」
「过滤条件」设置为「id != 100」
「强弱规则」选择为「弱规则」
「规则描述」输入「测试规则」","1. 进入「数据质量」-「规则任务配置」页面
2. 选择规则A，编辑进入「调度属性」配置页面
3. 「调度周期」选择「手动关联离线任务周期」
4. 「质量任务周期」选择「天」，「生效日期」选择为「2025-11-01～2025-12-01」
5. 「任务关联」添加离线任务A
6. 触发离线任务A实例运行","1. 进入成功
2. 进入成功
3. 选择成功
4. 配置成功
5. 关联离线任务成功
6. 当天离线任务实例运行完成后运行质量校验任务","1. 
2. 
3. 
4. 
5. 
6.","","2","功能测试","功能测试阶段","正常","0","1","6","通过","可颂","2025-11-24","旺仔","2025-12-01","1","",""
"168879","数据资产_STD(#23)","/版本迭代测试用例/v6.4.5/岚图/质量任务调度支持跟随离线任务调度设置周期(#9692)","","验证「自动关联离线任务周期」-质量任务运行逻辑正确","1. 已存在离线任务A(天调度),已提交至运维中心
2. 已存在离线任务B(自定义调度),已提交至运维中心
3. 已存在离线任务C(cron表达式调度),已提交至运维中心
4. 校验表结构 (
id int,
age string,
name string,
score string,
sex string
)USING paimon
tblproperties (
&#039;primary-key&#039; = &#039;id&#039;
);
质量任务A配置如下：
「规则名称」输入「test_rule」
「选择数据源」选择「${DATASOURCE}」
「选择数据库」选择「${DATABASE}」
「选择数据表」选择「${TABLE}」
「监控规则」新增「有效性校验」
「字段」选择「score」
「统计函数」选择「数值取值范围」
「期望值」为「score &gt; 150」
「过滤条件」设置为「id != 100」
「强弱规则」选择为「弱规则」
「规则描述」输入「测试规则」","1. 进入「数据质量」-「规则任务配置」页面
2. 选择规则A，编辑进入「调度属性」配置页面
3. 「调度周期」选择「自动关联离线任务周期」
4. 「任务关联」添加离线任务A
5. 触发离线任务A实例运行
6. 编辑规则，「任务关联」修改为离线任务B，保存规则
7. 触发离线任务B实例运行
8. 编辑规则，「任务关联」修改为离线任务C，保存规则
9. 触发离线任务C实例运行","1. 进入成功
2. 进入成功
3. 选择成功
4. 关联离线任务成功
5. 离线任务运行完成后运行质量校验任务
6. 关联任务变更正确
7. 离线任务运行完成后运行质量校验任务
8. 关联任务变更正确
9. 离线任务运行完成后运行质量校验任务","1. 
2. 
3. 
4. 
5. 
6. 
7. 
8. 
9.","","1","功能测试","功能测试阶段","正常","0","1","9","通过","可颂","2025-11-24","旺仔","2025-12-01","1","",""
"168878","数据资产_STD(#23)","/版本迭代测试用例/v6.4.5/岚图/质量任务调度支持跟随离线任务调度设置周期(#9692)","","验证「具体时间」配置项展示逻辑正确","1. 已存在离线任务A(分钟调度),已提交至运维中心
2. 已存在离线任务B(小时调度),已提交至运维中心
3. 已存在离线任务C(天调度),已提交至运维中心
4. 已存在离线任务D(周调度),已提交至运维中心
5. 已存在离线任务E(月调度),已提交至运维中心
6. 已存在离线任务F(cron表达式),已提交至运维中心
7. 已存在离线任务G(自定义调度),已提交至运维中心","1. 进入「数据质量」-「规则任务配置」-「调度属性」配置页面
2. 「调度周期」选择「手动关联离线任务周期」
3. 任务关联选择关联离线任务A
4. 任务关联选择关联离线任务B
5. 任务关联选择关联离线任务C
6. 任务关联选择关联离线任务D
7. 任务关联选择关联离线任务E
8. 任务关联选择关联离线任务F
9. 任务关联选择关联离线任务G","1. 进入成功
2. 选择成功
3. 调度配置不展示「具体时间」配置项
4. 调度配置不展示「具体时间」配置项
5. 调度配置不展示「具体时间」配置项
6. 调度配置不展示「具体时间」配置项
7. 调度配置不展示「具体时间」配置项
8. 调度配置展示「具体时间」配置项
9. 调度配置展示「具体时间」配置项","1. 
2. 
3. 
4. 
5. 
6. 
7. 
8. 
9.","","2","功能测试","功能测试阶段","正常","0","1","9","通过","可颂","2025-11-24","旺仔","2025-11-30","1","",""
"168877","数据资产_STD(#23)","/版本迭代测试用例/v6.4.5/岚图/质量任务调度支持跟随离线任务调度设置周期(#9692)","","验证选择「手动关联离线任务周期」-配置项交互正确","无","1. 进入「数据质量」-「规则任务配置」-「调度属性」配置页面
2. 「调度周期」选择「手动关联离线任务周期」
3. 鼠标hover  「手动关联离线任务周期」「？」
4. 校验配置
5. 「质量任务周期」选择「天」，「生效日期」选择「2025-11-01～2025-11-02」
6. 「质量任务周期」选择「周」，「生效日期」选择「2025-11-01～2025-11-02」，「选择时间」可多选「星期一，星期二」
7. 「质量任务周期」选择「月」，「生效日期」选择「2025-11-01～2025-11-02」，「选择时间」可多选「每月1号，每月2号」","1. 进入成功
2. 选择成功
3. 提示“手动关联离线任务周期，需要设置质量任务的调度周期，支持选择按天/周/月运行，设置后会取质量任务运行当天关联的离线任务的最后一次任务实例跑完后，再跑质量任务。使用注意：1、若离线任务调度周期大于质量任务的调度周期（比如离线周期为周，质量为天），会存在质量任务空跑的情况”
4. 展示「质量任务周期」「生效日期」必填配置项
5. 配置成功
6. 配置成功
7. 配置成功","1. 
2. 
3. 
4. 
5. 
6. 
7.","","3","功能测试","功能测试阶段","正常","0","1","7","通过","可颂","2025-11-24","旺仔","2025-11-30","1","",""
"168876","数据资产_STD(#23)","/版本迭代测试用例/v6.4.5/岚图/质量任务调度支持跟随离线任务调度设置周期(#9692)","","验证选择「自动关联离线任务周期」-配置项交互正确（历史回归）","无","1. 进入「数据质量」-「规则任务配置」-「调度属性」配置页面
2. 「调度周期」选择「自动关联离线任务周期」
3. 校验配置","1. 进入成功
2. 选择成功
3. 不展示具体时间点可选项","1. 
2. 
3.","","3","功能测试","功能测试阶段","正常","0","1","3","通过","可颂","2025-11-24","旺仔","2025-11-30","1","",""
"168875","数据资产_STD(#23)","/版本迭代测试用例/v6.4.5/岚图/质量任务调度支持跟随离线任务调度设置周期(#9692)","","验证「数据质量」-「规则任务配置」-「调度配置-调度周期」交互变更正确","无","1. 进入「数据质量」-「规则任务配置」-「调度属性」配置页面
2. 点击「调度周期」下拉框","1. 进入成功
2. 除原有调度选项外，新增「手动关联离线任务周期」选项","1. 
2.","","3","功能测试","功能测试阶段","正常","0","1","2","通过","可颂","2025-11-24","旺仔","2025-11-30","1","",""
"168874","数据资产_STD(#23)","/版本迭代测试用例/v6.4.5/岚图/支持抽样检查(#9691)","","验证「质量报告」-「抽样行数」-数据统计逻辑正确","1. 资产平台已存在${DATASOURCE}_${DATABASE}_${TABLE}并授权给当前测试项目
2. ${TABLE} DDL\DML 如下：
drop table if exists table1;
create table if not EXISTS table1 (
id int,
age string,
name string,
score string,
sex string,
dt string

)USING paimon
partitioned by (dt)
tblproperties (
&#039;primary-key&#039; = &#039;id&#039;
);
INSERT INTO table1 VALUES
(1, &#039;20&#039;, &#039;张伟&#039;, &#039;88&#039;, &#039;男&#039;,&#039;2025-11-01&#039;),
(2, &#039;22&#039;, &#039;李娜&#039;, &#039;92&#039;, &#039;女&#039;,&#039;2025-11-01&#039;),
(3, &#039;19&#039;, &#039;王芳&#039;, &#039;76&#039;, &#039;女&#039;,&#039;2025-11-01&#039;),
(4, &#039;21&#039;, &#039;刘强&#039;, &#039;85&#039;, &#039;男&#039;,&#039;2025-11-01&#039;),
(5, &#039;23&#039;, &#039;陈静&#039;, &#039;95&#039;, &#039;女&#039;,&#039;2025-11-01&#039;),
(6, &#039;18&#039;, &#039;杨洋&#039;, &#039;70&#039;, &#039;男&#039;,&#039;2025-11-02&#039;),
(7, &#039;24&#039;, &#039;赵敏&#039;, &#039;89&#039;, &#039;女&#039;,&#039;2025-11-02&#039;),
(8, &#039;20&#039;, &#039;黄磊&#039;, &#039;78&#039;, &#039;男&#039;,&#039;2025-11-02&#039;),
(9, &#039;22&#039;, &#039;周婷&#039;, &#039;91&#039;, &#039;女&#039;,&#039;2025-11-02&#039;),
(10, &#039;21&#039;, &#039;吴军&#039;, &#039;83&#039;, &#039;男&#039;,&#039;2025-11-02&#039;),
(11, &#039;19&#039;, &#039;徐丽&#039;, &#039;87&#039;, &#039;女&#039;,&#039;2025-11-03&#039;),
(12, &#039;23&#039;, &#039;孙浩&#039;, &#039;74&#039;, &#039;男&#039;,&#039;2025-11-03&#039;),
(13, &#039;20&#039;, &#039;胡雪&#039;, &#039;93&#039;, &#039;女&#039;,&#039;2025-11-03&#039;),
(14, &#039;22&#039;, &#039;郭峰&#039;, &#039;81&#039;, &#039;男&#039;,&#039;2025-11-03&#039;),
(15, &#039;21&#039;, &#039;何娟&#039;, &#039;86&#039;, &#039;女&#039;,&#039;2025-11-03&#039;);

3. 加入每个分区都是5条数据(每天新增也是5条)","1. 进入「数据质量」-「规则任务配置」-「监控对象」页面
2. 开启「抽样检查配置」，仅勾选「抽样设置」-「百分比抽样」
3. 「百分比」输入「80%」,点击下一步
4. 「规则名称」输入「test_rule」「选择数据源」选择「${DATASOURCE}」「选择数据库」选择「${DATABASE}」「选择数据表」选择「${TABLE}」「分区」选择「${业务日期_当天}」
5. 「监控规则」新增「完整性校验」「字段」选择「score」「统计函数」选择「表行数」「期望值」为「<=4」「强弱规则」选择为「弱规则」「规则描述」输入「测试规则」
6. 配置「调度属性」-「报告数据周期」选择为「3天前」（3-0）保存规则
7. 立即运行规则
8. 运行3天，查看质量报告「抽样行数」统计","1. 进入成功
2. 开启配置成功
3. 配置成功
4. 监控对象配置成功
5. 监控规则配置完成
6. 规则保存成功
7. 规则校验成功(4=4)
8. 数量为12条(每个分区5条，抽样后4条，运行3天所以12条)","1. 
2. 
3. 
4. 
5. 
6. 
7. 
8.","","1","功能测试","功能测试阶段","正常","0","1","8","失败","可颂","2025-11-24","","0000-00-00","1","",""
"168873","数据资产_STD(#23)","/版本迭代测试用例/v6.4.5/岚图/支持抽样检查(#9691)","","验证「质量报告」-新增「抽样行数」模块内容","1. 已存在规则A配置「抽样检查设置」
「字段内容去重设置」配置为「age、score」
「过滤条件设置」配置为「手动配置」「age &gt;= 20」
「抽样设置」配置为「绝对数配置」「10」条","1. 进入「数据质量」-「质量报告」页面
2. 选择当前质量规则报告，点击查看详情
3. 鼠标hover 「？」处","1. 进入成功
2. 报告内容新增「抽样行数」模块
3. 提示“记录抽样后的表行数，统计报告数据周期范围内，跑的所有分区的抽样数量总和”","1. 
2. 
3.","","3","功能测试","功能测试阶段","正常","0","1","3","通过","可颂","2025-11-24","旺仔","2025-12-01","1","",""
"168872","数据资产_STD(#23)","/版本迭代测试用例/v6.4.5/岚图/支持抽样检查(#9691)","","验证「规则详情页」-「抽样检查设置」展示正确","1. 已存在规则A配置「抽样检查设置」
「字段内容去重设置」配置为「age、score」
「过滤条件设置」配置为「手动配置」「age &gt;= 20」
「抽样设置」配置为「绝对数配置」「10」条","1. 进入「数据质量」-「规则任务配置」页面
2. 点击规则A，查看规则A详情信息
3. 编辑规则A，修改「字段内容去重设置」「过滤条件设置」「抽样设置」，保存规则
4. 再次点击规则A，查看规则A详情信息
5. 编辑规则A，关闭「抽样检查设置」，保存任务
6. 再次点击规则A，查看规则A详情信息","1. 进入成功
2. 「基本信息」下展示「抽样检查设置」内容
3. 编辑成功
4. 「基本信息」下展示「抽样检查设置」编辑后内容
5. 保存成功
6. 「基本信息」下展示「抽样检查设置」，内容为「关闭」","1. 
2. 
3. 
4. 
5. 
6.","","2","功能测试","功能测试阶段","正常","0","1","6","失败","可颂","2025-11-24","旺仔","2025-12-01","1","",""
"168871","数据资产_STD(#23)","/版本迭代测试用例/v6.4.5/岚图/支持抽样检查(#9691)","","验证「抽样检查设置」-配置联合生效功能正确","1. 资产平台已存在${DATASOURCE}_${DATABASE}_${TABLE}并授权给当前测试项目
2. ${TABLE} DDL\DML 如下：
drop table if exists table1;
create table if not EXISTS table1 (
id int,
age string,
name string,
score string,
sex string
)USING paimon
tblproperties (
&#039;primary-key&#039; = &#039;id&#039;
);
INSERT INTO table1 VALUES
(1, &#039;20&#039;, &#039;张伟&#039;, &#039;88&#039;, &#039;男&#039;),
(2, &#039;22&#039;, &#039;李娜&#039;, &#039;92&#039;, &#039;女&#039;),
(3, &#039;19&#039;, &#039;王芳&#039;, &#039;76&#039;, &#039;女&#039;),
(4, &#039;21&#039;, &#039;刘强&#039;, &#039;85&#039;, &#039;男&#039;),
(5, &#039;23&#039;, &#039;陈静&#039;, &#039;95&#039;, &#039;女&#039;),
(6, &#039;18&#039;, &#039;杨洋&#039;, &#039;70&#039;, &#039;男&#039;),
(7, &#039;24&#039;, &#039;赵敏&#039;, &#039;89&#039;, &#039;女&#039;),
(8, &#039;20&#039;, &#039;黄磊&#039;, &#039;78&#039;, &#039;男&#039;),
(9, &#039;22&#039;, &#039;周婷&#039;, &#039;91&#039;, &#039;女&#039;),
(10, &#039;21&#039;, &#039;吴军&#039;, &#039;83&#039;, &#039;男&#039;),
(11, &#039;19&#039;, &#039;徐丽&#039;, &#039;87&#039;, &#039;女&#039;),
(12, &#039;23&#039;, &#039;孙浩&#039;, &#039;74&#039;, &#039;男&#039;),
(13, &#039;20&#039;, &#039;胡雪&#039;, &#039;93&#039;, &#039;女&#039;),
(14, &#039;22&#039;, &#039;郭峰&#039;, &#039;81&#039;, &#039;男&#039;),
(15, &#039;21&#039;, &#039;何娟&#039;, &#039;86&#039;, &#039;女&#039;),
(16, &#039;18&#039;, &#039;高翔&#039;, &#039;72&#039;, &#039;男&#039;),
(17, &#039;24&#039;, &#039;林琳&#039;, &#039;94&#039;, &#039;女&#039;),
(18, &#039;20&#039;, &#039;郑凯&#039;, &#039;79&#039;, &#039;男&#039;),
(19, &#039;22&#039;, &#039;谢婷&#039;, &#039;88&#039;, &#039;女&#039;),
(20, &#039;21&#039;, &#039;冯刚&#039;, &#039;82&#039;, &#039;男&#039;),
(21, &#039;19&#039;, &#039;邓梅&#039;, &#039;90&#039;, &#039;女&#039;),
(22, &#039;23&#039;, &#039;韩磊&#039;, &#039;77&#039;, &#039;男&#039;),
(23, &#039;20&#039;, &#039;曹颖&#039;, &#039;96&#039;, &#039;女&#039;),
(24, &#039;22&#039;, &#039;彭飞&#039;, &#039;75&#039;, &#039;男&#039;),
(25, &#039;21&#039;, &#039;曾琴&#039;, &#039;84&#039;, &#039;女&#039;),
(26, &#039;18&#039;, &#039;吕强&#039;, &#039;71&#039;, &#039;男&#039;),
(27, &#039;24&#039;, &#039;苏燕&#039;, &#039;97&#039;, &#039;女&#039;),
(28, &#039;20&#039;, &#039;卢斌&#039;, &#039;80&#039;, &#039;男&#039;),
(29, &#039;22&#039;, &#039;蒋霞&#039;, &#039;89&#039;, &#039;女&#039;),
(30, &#039;21&#039;, &#039;蔡勇&#039;, &#039;73&#039;, &#039;男&#039;),
(31, &#039;19&#039;, &#039;贾倩&#039;, &#039;92&#039;, &#039;女&#039;),
(32, &#039;23&#039;, &#039;丁磊&#039;, &#039;76&#039;, &#039;男&#039;),
(33, &#039;20&#039;, &#039;魏婷&#039;, &#039;85&#039;, &#039;女&#039;),
(34, &#039;22&#039;, &#039;程浩&#039;, &#039;78&#039;, &#039;男&#039;),
(35, &#039;21&#039;, &#039;袁莉&#039;, &#039;91&#039;, &#039;女&#039;),
(36, &#039;18&#039;, &#039;潘杰&#039;, &#039;69&#039;, &#039;男&#039;),
(37, &#039;24&#039;, &#039;于芳&#039;, &#039;93&#039;, &#039;女&#039;),
(38, &#039;20&#039;, &#039;杜凯&#039;, &#039;82&#039;, &#039;男&#039;),
(39, &#039;22&#039;, &#039;叶敏&#039;, &#039;87&#039;, &#039;女&#039;),
(40, &#039;21&#039;, &#039;钟强&#039;, &#039;74&#039;, &#039;男&#039;),
(41, &#039;19&#039;, &#039;汪雪&#039;, &#039;95&#039;, &#039;女&#039;),
(42, &#039;23&#039;, &#039;黎军&#039;, &#039;77&#039;, &#039;男&#039;),
(43, &#039;20&#039;, &#039;范琳&#039;, &#039;88&#039;, &#039;女&#039;),
(44, &#039;22&#039;, &#039;金波&#039;, &#039;81&#039;, &#039;男&#039;),
(45, &#039;21&#039;, &#039;石娟&#039;, &#039;90&#039;, &#039;女&#039;),
(46, &#039;18&#039;, &#039;廖勇&#039;, &#039;72&#039;, &#039;男&#039;),
(47, &#039;24&#039;, &#039;龙婷&#039;, &#039;94&#039;, &#039;女&#039;),
(48, &#039;20&#039;, &#039;段磊&#039;, &#039;79&#039;, &#039;男&#039;),
(49, &#039;22&#039;, &#039;雷丽&#039;, &#039;86&#039;, &#039;女&#039;),
(50, &#039;21&#039;, &#039;钱峰&#039;, &#039;75&#039;, &#039;男&#039;),
(51, &#039;19&#039;, &#039;汤静&#039;, &#039;92&#039;, &#039;女&#039;),
(52, &#039;23&#039;, &#039;尹浩&#039;, &#039;78&#039;, &#039;男&#039;),
(53, &#039;20&#039;, &#039;黎雪&#039;, &#039;89&#039;, &#039;女&#039;),
(54, &#039;22&#039;, &#039;易凯&#039;, &#039;83&#039;, &#039;男&#039;),
(55, &#039;21&#039;, &#039;常燕&#039;, &#039;91&#039;, &#039;女&#039;),
(56, &#039;18&#039;, &#039;武强&#039;, &#039;70&#039;, &#039;男&#039;),
(57, &#039;24&#039;, &#039;乔梅&#039;, &#039;96&#039;, &#039;女&#039;),
(58, &#039;20&#039;, &#039;贺飞&#039;, &#039;76&#039;, &#039;男&#039;),
(59, &#039;22&#039;, &#039;赖霞&#039;, &#039;87&#039;, &#039;女&#039;),
(60, &#039;21&#039;, &#039;龚军&#039;, &#039;80&#039;, &#039;男&#039;),
(61, &#039;19&#039;, &#039;文倩&#039;, &#039;93&#039;, &#039;女&#039;),
(62, &#039;23&#039;, &#039;牛磊&#039;, &#039;73&#039;, &#039;男&#039;),
(63, &#039;20&#039;, &#039;温婷&#039;, &#039;88&#039;, &#039;女&#039;),
(64, &#039;22&#039;, &#039;兰浩&#039;, &#039;77&#039;, &#039;男&#039;),
(65, &#039;21&#039;, &#039;樊莉&#039;, &#039;90&#039;, &#039;女&#039;),
(66, &#039;18&#039;, &#039;殷勇&#039;, &#039;71&#039;, &#039;男&#039;),
(67, &#039;24&#039;, &#039;毕燕&#039;, &#039;95&#039;, &#039;女&#039;),
(68, &#039;20&#039;, &#039;安凯&#039;, &#039;82&#039;, &#039;男&#039;),
(69, &#039;22&#039;, &#039;夏敏&#039;, &#039;86&#039;, &#039;女&#039;),
(70, &#039;21&#039;, &#039;庄强&#039;, &#039;74&#039;, &#039;男&#039;),
(71, &#039;19&#039;, &#039;伍雪&#039;, &#039;92&#039;, &#039;女&#039;),
(72, &#039;23&#039;, &#039;严磊&#039;, &#039;79&#039;, &#039;男&#039;),
(73, &#039;20&#039;, &#039;褚婷&#039;, &#039;89&#039;, &#039;女&#039;),
(74, &#039;22&#039;, &#039;卫浩&#039;, &#039;81&#039;, &#039;男&#039;),
(75, &#039;21&#039;, &#039;蒋琴&#039;, &#039;94&#039;, &#039;女&#039;),
(76, &#039;18&#039;, &#039;沈杰&#039;, &#039;72&#039;, &#039;男&#039;),
(77, &#039;24&#039;, &#039;秦芳&#039;, &#039;97&#039;, &#039;女&#039;),
(78, &#039;20&#039;, &#039;江斌&#039;, &#039;75&#039;, &#039;男&#039;),
(79, &#039;22&#039;, &#039;史霞&#039;, &#039;88&#039;, &#039;女&#039;),
(80, &#039;21&#039;, &#039;侯勇&#039;, &#039;76&#039;, &#039;男&#039;),
(81, &#039;19&#039;, &#039;邵倩&#039;, &#039;91&#039;, &#039;女&#039;),
(82, &#039;23&#039;, &#039;孟磊&#039;, &#039;78&#039;, &#039;男&#039;),
(83, &#039;20&#039;, &#039;龙琳&#039;, &#039;85&#039;, &#039;女&#039;),
(84, &#039;22&#039;, &#039;万凯&#039;, &#039;80&#039;, &#039;男&#039;),
(85, &#039;21&#039;, &#039;段燕&#039;, &#039;93&#039;, &#039;女&#039;),
(86, &#039;18&#039;, &#039;雷强&#039;, &#039;73&#039;, &#039;男&#039;),
(87, &#039;24&#039;, &#039;钱婷&#039;, &#039;96&#039;, &#039;女&#039;),
(88, &#039;20&#039;, &#039;汤飞&#039;, &#039;77&#039;, &#039;男&#039;),
(89, &#039;22&#039;, &#039;尹雪&#039;, &#039;89&#039;, &#039;女&#039;),
(90, &#039;21&#039;, &#039;黎军&#039;, &#039;82&#039;, &#039;男&#039;),
(91, &#039;19&#039;, &#039;易静&#039;, &#039;90&#039;, &#039;女&#039;),
(92, &#039;23&#039;, &#039;常浩&#039;, &#039;74&#039;, &#039;男&#039;),
(93, &#039;20&#039;, &#039;武婷&#039;, &#039;87&#039;, &#039;女&#039;),
(94, &#039;22&#039;, &#039;乔磊&#039;, &#039;79&#039;, &#039;男&#039;),
(95, &#039;21&#039;, &#039;贺梅&#039;, &#039;92&#039;, &#039;女&#039;),
(96, &#039;18&#039;, &#039;赖强&#039;, &#039;71&#039;, &#039;男&#039;),
(97, &#039;24&#039;, &#039;龚燕&#039;, &#039;95&#039;, &#039;女&#039;),
(98, &#039;20&#039;, &#039;文凯&#039;, &#039;83&#039;, &#039;男&#039;),
(99, &#039;22&#039;, &#039;牛敏&#039;, &#039;88&#039;, &#039;女&#039;),
(100, &#039;21&#039;, &#039;温勇&#039;, &#039;76&#039;, &#039;男&#039;);","1. 进入「数据质量」-「规则任务配置」-「监控对象」页面
2. 开启「抽样检查配置」，勾选「字段内容去重设置」「过滤条件设置」「抽样设置」
3. 「字段内容去重设置」配置为「age、score」「过滤条件设置」配置为「手动配置」「age >= 20」「抽样设置」配置为「百分比配置」「12.55%」
4. 「规则名称」输入「test_rule」「选择数据源」选择「${DATASOURCE}」「选择数据库」选择「${DATABASE}」「选择数据表」选择「${TABLE}」
5. 「监控规则」新增「完整性校验」「字段」选择「score」「统计函数」选择「表行数」「期望值」为「<=10」「强弱规则」选择为「弱规则」「规则描述」输入「测试规则」
6. 配置「调度属性」，保存规则
7. 立即运行规则","1. 进入成功
2. 开启配置成功
3. 配置成功
4. 监控对象配置成功
5. 监控规则配置完成
6. 规则保存成功
7. 规则校验成功(10/9<=10)(结合子规则中的条件过滤，可能为10也可能为9)","1. 
2. 
3. 
4. 
5. 
6. 
7.","","1","功能测试","功能测试阶段","正常","0","1","7","通过","可颂","2025-11-24","旺仔","2025-12-01","1","",""
"168870","数据资产_STD(#23)","/版本迭代测试用例/v6.4.5/岚图/支持抽样检查(#9691)","","验证「抽样检查设置」-「抽样设置」-「百分比抽样」功能正确","1. 资产平台已存在${DATASOURCE}_${DATABASE}_${TABLE}并授权给当前测试项目
2. ${TABLE} DDL\DML 如下：
drop table if exists table1;
create table if not EXISTS table1 (
id int,
age string,
name string,
score string,
sex string
)USING paimon
tblproperties (
&#039;primary-key&#039; = &#039;id&#039;
);
INSERT INTO table1 VALUES
(1, &#039;11&#039;,&#039;林大&#039;,&#039;80&#039;,&#039;男&#039;),
(2, &#039;12&#039;,&#039;王二&#039;,&#039;100&#039;,&#039;男&#039;);
(3, &#039;13&#039;,&#039;张三&#039;,&#039;99&#039;,&#039;男&#039;);
(4, &#039;14&#039;,&#039;李四&#039;,&#039;100&#039;,&#039;女&#039;)
(5, &#039;15&#039;,&#039;旺旺&#039;,&#039;100&#039;,&#039;女&#039;);
SELECT * FROM table1;","1. 进入「数据质量」-「规则任务配置」-「监控对象」页面
2. 开启「抽样检查配置」，仅勾选「抽样设置」-「百分比抽样」
3. 「绝对数抽样」输入「10%」,点击下一步
4. 「规则名称」输入「test_rule」「选择数据源」选择「${DATASOURCE}」「选择数据库」选择「${DATABASE}」「选择数据表」选择「${TABLE}」
5. 「监控规则」新增「完整性校验」「字段」选择「score」「统计函数」选择「表行数」「期望值」为「=1」「强弱规则」选择为「弱规则」「规则描述」输入「测试规则」
6. 配置「调度属性」，保存规则
7. 立即运行规则
8. 编辑规则，配置规则「百分比抽样」设置为「45%」
9. 保存并运行规则","1. 进入成功
2. 开启配置成功
3. 配置成功
4. 监控对象配置成功
5. 监控规则配置完成
6. 规则保存成功
7. 规则校验成功(1=1)(0.5条四舍五入统计为1条)
8. 配置成功
9. 规则校验失败(2 != 1)(2.25四舍五入到2)","1. 
2. 
3. 
4. 
5. 
6. 
7. 
8. 
9.","","3","功能测试","功能测试阶段","正常","0","1","9","通过","可颂","2025-11-24","旺仔","2025-12-01","1","",""
"168869","数据资产_STD(#23)","/版本迭代测试用例/v6.4.5/岚图/支持抽样检查(#9691)","","验证「抽样检查设置」-「抽样设置」-「绝对数抽样」功能正确","1. 资产平台已存在${DATASOURCE}_${DATABASE}_${TABLE}并授权给当前测试项目
2. ${TABLE} DDL\DML 如下：
drop table if exists table1;
create table if not EXISTS table1 (
id int,
age string,
name string,
score string,
sex string
)USING paimon
tblproperties (
&#039;primary-key&#039; = &#039;id&#039;
);
INSERT INTO table1 VALUES
(1, &#039;11&#039;,&#039;林大&#039;,&#039;80&#039;,&#039;男&#039;),
(2, &#039;12&#039;,&#039;王二&#039;,&#039;100&#039;,&#039;男&#039;);
(3, &#039;13&#039;,&#039;张三&#039;,&#039;99&#039;,&#039;男&#039;);
(4, &#039;14&#039;,&#039;李四&#039;,&#039;100&#039;,&#039;女&#039;)
(5, &#039;15&#039;,&#039;旺旺&#039;,&#039;100&#039;,&#039;女&#039;);
SELECT * FROM table1;","1. 进入「数据质量」-「规则任务配置」-「监控对象」页面
2. 开启「抽样检查配置」，仅勾选「抽样设置」-「绝对数抽样」
3. 「绝对数抽样」输入「1」,点击下一步
4. 「规则名称」输入「test_rule」「选择数据源」选择「${DATASOURCE}」「选择数据库」选择「${DATABASE}」「选择数据表」选择「${TABLE}」
5. 「监控规则」新增「完整性校验」「字段」选择「score」「统计函数」选择「表行数」「期望值」为「=1」「强弱规则」选择为「弱规则」「规则描述」输入「测试规则」
6. 配置「调度属性」，保存规则
7. 立即运行规则
8. 编辑规则，配置规则「绝对数抽样」设置为「2」
9. 保存并运行规则","1. 进入成功
2. 开启配置成功
3. 配置成功
4. 监控对象配置成功
5. 监控规则配置完成
6. 规则保存成功
7. 规则校验成功(1=1)
8. 配置成功
9. 规则校验失败（2 !=1 ）","1. 
2. 
3. 
4. 
5. 
6. 
7. 
8. 
9.","","3","功能测试","功能测试阶段","正常","0","1","9","通过","可颂","2025-11-24","旺仔","2025-12-01","1","",""
"168868","数据资产_STD(#23)","/版本迭代测试用例/v6.4.5/岚图/支持抽样检查(#9691)","","验证「抽样检查设置」-「抽样设置」交互正确","无","1. 进入「数据质量」-「规则任务配置」-「监控对象」页面
2. 开启「抽样检查配置」
3. 勾选「抽样设置」
4. 取消勾选「抽样设置」
5. 查看「抽样方式下拉选择框」
6. 鼠标hover「？」处
7. 选择「绝对数抽样」
8. 「绝对数抽样」文本框输入内容限制
9. 选择「百分比抽样」
10. 「百分比抽样」文本框输入内容限制","1. 进入成功
2. 开启成功
3. 勾选成功
4. 取消勾选成功
5. 展示「绝对数抽样」「百分比抽样」
6. 提示“抽样方法使用TABLESAMPLE方法，抽样的数量不保证精确，会存在区间波动的情况，例如总数为1000条，抽样10%或者抽样100条，结果会在100条上下波动，可能是95～105”
7. 右边展示文本输入框
8. 仅支持输入正整数
9. 展示文本输入框和%
10. 仅支持输入数值类数据(支持小数(确认是否仅支持2位小数))","1. 
2. 
3. 
4. 
5. 
6. 
7. 
8. 
9. 
10.","","3","功能测试","功能测试阶段","正常","0","1","10","通过","可颂","2025-11-24","旺仔","2025-11-27","1","",""
"168867","数据资产_STD(#23)","/版本迭代测试用例/v6.4.5/岚图/支持抽样检查(#9691)","","验证「抽样检查设置」-「过滤条件」与规则内「过滤条件」混合使用逻辑正确","1. 资产平台已存在${DATASOURCE}_${DATABASE}_${TABLE}并授权给当前测试项目
2. ${TABLE} DDL\DML 如下：
drop table if exists table1;
create table if not EXISTS table1 (
id int,
age string,
name string,
score string,
sex string
)USING paimon
tblproperties (
&#039;primary-key&#039; = &#039;id&#039;
);
INSERT INTO table1 VALUES
(1, &#039;11&#039;,&#039;林大&#039;,&#039;100&#039;,&#039;男&#039;),
(2, &#039;12&#039;,&#039;王二&#039;,&#039;99&#039;,&#039;男&#039;);
(3, &#039;13&#039;,&#039;张三&#039;,&#039;99&#039;,&#039;男&#039;);
(4, &#039;14&#039;,&#039;李四&#039;,&#039;100&#039;,&#039;女&#039;);
SELECT * FROM table1;","1. 进入「数据质量」-「规则任务配置」-「监控对象」页面
2. 开启「抽样检查配置」，仅勾选「过滤条件设置」
3. 选择「选项配置」 age < =12
4. 「规则名称」输入「test_rule」「选择数据源」选择「${DATASOURCE}」「选择数据库」选择「${DATABASE}」「选择数据表」选择「${TABLE}」
5. 「监控规则」新增「完整性校验」「字段」选择「score」「统计函数」选择「表行数」「期望值」为「=2」「强弱规则」选择为「弱规则」「规则描述」输入「测试规则」
6. 配置「调度属性」，保存规则
7. 立即运行规则
8. 编辑规则，配置子规则「过滤条件」设置为「id<2」
9. 保存并运行规则","1. 进入成功
2. 开启配置成功
3. 过滤条件配置成功
4. 监控对象配置成功
5. 监控规则配置完成
6. 规则保存成功
7. 规则校验通过2 = 2
8. 配置成功
9. 规则校验不通过(1 != 2)","1. 
2. 
3. 
4. 
5. 
6. 
7. 
8. 
9.","","3","功能测试","功能测试阶段","正常","0","1","9","通过","可颂","2025-11-24","旺仔","2025-12-01","1","",""
"168866","数据资产_STD(#23)","/版本迭代测试用例/v6.4.5/岚图/支持抽样检查(#9691)","","验证「抽样检查设置」-「过滤条件设置」-「手动配置」功能正确","1. 资产平台已存在${DATASOURCE}_${DATABASE}_${TABLE}并授权给当前测试项目
2. ${TABLE} DDL\DML 如下：
drop table if exists table1;
create table if not EXISTS table1 (
id int,
age string,
name string,
score string,
sex string
)USING paimon
tblproperties (
&#039;primary-key&#039; = &#039;id&#039;
);
INSERT INTO table1 VALUES
(1, &#039;11&#039;,&#039;林大&#039;,&#039;100&#039;,&#039;男&#039;),
(2, &#039;12&#039;,&#039;王二&#039;,&#039;99&#039;,&#039;男&#039;);
(3, &#039;13&#039;,&#039;张三&#039;,&#039;99&#039;,&#039;男&#039;);
(4, &#039;14&#039;,&#039;李四&#039;,&#039;100&#039;,&#039;女&#039;);
SELECT * FROM table1;","1. 进入「数据质量」-「规则任务配置」-「监控对象」页面
2. 开启「抽样检查配置」，仅勾选「过滤条件设置」
3. 选择「手动配置」 age < =12
4. 「规则名称」输入「test_rule」「选择数据源」选择「${DATASOURCE}」「选择数据库」选择「${DATABASE}」「选择数据表」选择「${TABLE}」
5. 「监控规则」新增「完整性校验」「字段」选择「score」「统计函数」选择「表行数」「期望值」为「=2」「过滤条件」设置为「age<=13」「强弱规则」选择为「弱规则」「规则描述」输入「测试规则」
6. 配置「调度属性」，保存规则
7. 立即运行规则","1. 进入成功
2. 开启配置成功
3. 过滤条件配置成功
4. 监控对象配置成功
5. 监控规则配置完成
6. 规则保存成功
7. 规则校验成功(2=2)（抽样检查设置优先级高于规则内配置）","1. 
2. 
3. 
4. 
5. 
6. 
7.","","3","功能测试","功能测试阶段","正常","0","1","7","通过","可颂","2025-11-24","旺仔","2025-12-01","1","",""
"168865","数据资产_STD(#23)","/版本迭代测试用例/v6.4.5/岚图/支持抽样检查(#9691)","","验证「抽样检查设置」-「过滤条件设置」-「选项配置」功能正确","1. 资产平台已存在${DATASOURCE}_${DATABASE}_${TABLE}并授权给当前测试项目
2. ${TABLE} DDL\DML 如下：
drop table if exists table1;
create table if not EXISTS table1 (
id int,
age string,
name string,
score string,
sex string
)USING paimon
tblproperties (
&#039;primary-key&#039; = &#039;id&#039;
);
INSERT INTO table1 VALUES
(1, &#039;11&#039;,&#039;林大&#039;,&#039;100&#039;,&#039;男&#039;),
(2, &#039;12&#039;,&#039;王二&#039;,&#039;99&#039;,&#039;男&#039;);
(3, &#039;13&#039;,&#039;张三&#039;,&#039;99&#039;,&#039;男&#039;);
(4, &#039;14&#039;,&#039;李四&#039;,&#039;100&#039;,&#039;女&#039;);
SELECT * FROM table1;","1. 进入「数据质量」-「规则任务配置」-「监控对象」页面
2. 开启「抽样检查配置」，仅勾选「过滤条件设置」
3. 选择「选项配置」 age < =12
4. 「规则名称」输入「test_rule」「选择数据源」选择「${DATASOURCE}」「选择数据库」选择「${DATABASE}」「选择数据表」选择「${TABLE}」
5. 「监控规则」新增「完整性校验」「字段」选择「score」「统计函数」选择「表行数」「期望值」为「=2」「强弱规则」选择为「弱规则」「规则描述」输入「测试规则」
6. 配置「调度属性」，保存规则
7. 立即运行规则
8. 编辑规则，选项配置变更为id >1
9. 保存规则，立即运行","1. 进入成功
2. 开启配置成功
3. 过滤条件配置成功
4. 监控对象配置成功
5. 监控规则配置完成
6. 规则保存成功
7. 规则校验成功(2=2)
8. 变更成功
9. 规则校验失败(3 != 2)","1. 
2. 
3. 
4. 
5. 
6. 
7. 
8. 
9.","","3","功能测试","功能测试阶段","正常","0","1","9","通过","可颂","2025-11-24","旺仔","2025-11-30","1","",""
"168864","数据资产_STD(#23)","/版本迭代测试用例/v6.4.5/岚图/支持抽样检查(#9691)","","验证「抽样检查设置」-「过滤条件设置」交互正确","无","1. 进入「数据质量」-「规则任务配置」-「监控对象」页面
2. 开启「抽样检查配置」
3. 勾选「过滤条件设置」
4. 取消勾选「过滤条件设置」
5. 选择「选项配置」，点击配置
6. 选择字段age<= 100,确定
7. 选择「手动配置」，输入age<=100,确定
8. 修改输入内容/选择内容(id!=2)，保存","1. 进入成功
2. 开启成功
3. 勾选成功
4. 取消勾选成功
5. 弹「过滤条件配置」弹窗
6. 保存成功，页面回显正确
7. 保存成功，页面回显正确
8. 保存成功，页面回显正确","1. 
2. 
3. 
4. 
5. 
6. 
7. 
8.","","3","功能测试","功能测试阶段","正常","0","1","8","通过","可颂","2025-11-24","旺仔","2025-11-27","1","",""
"168863","数据资产_STD(#23)","/版本迭代测试用例/v6.4.5/岚图/支持抽样检查(#9691)","","验证「抽样检查设置」-「字段内容去重设置」-多个字段-功能正确","1. 资产平台已存在${DATASOURCE}_${DATABASE}_${TABLE}并授权给当前测试项目
2. ${TABLE} DDL\DML 如下：
drop table if exists table1;
create table if not EXISTS table1 (
id int,
age string,
name string,
score string,
sex string
)USING paimon
tblproperties (
&#039;primary-key&#039; = &#039;id&#039;
);
INSERT INTO table1 VALUES
(1, &#039;11&#039;,&#039;林大&#039;,&#039;80&#039;,&#039;男&#039;),
(2, &#039;12&#039;,&#039;王二&#039;,&#039;100&#039;,&#039;男&#039;),
(3, &#039;13&#039;,&#039;张三&#039;,&#039;99&#039;,&#039;男&#039;),
(4, &#039;14&#039;,&#039;李四&#039;,&#039;100&#039;,&#039;女&#039;)
(5, &#039;15&#039;,&#039;旺旺&#039;,&#039;100&#039;,&#039;女&#039;);
(6, &#039;16&#039;,&#039;肌肤&#039;,&#039;80&#039;,&#039;男&#039;);
SELECT * FROM table1;","1. 进入「数据质量」-「规则任务配置」-「监控对象」页面
2. 开启「抽样检查配置」，仅勾选「字段内容去重设置」
3. 去重字段选择「sex」、「score」,点击下一步
4. 「规则名称」输入「test_rule」「选择数据源」选择「${DATASOURCE}」「选择数据库」选择「${DATABASE}」「选择数据表」选择「${TABLE}」
5. 「监控规则」新增「完整性校验」「字段」选择「score」「统计函数」选择「表行数」「期望值」为「=4」「强弱规则」选择为「弱规则」「规则描述」输入「测试规则」
6. 配置「调度属性」，保存规则
7. 立即运行规则","1. 进入成功
2. 开启配置成功
3. 字段选择成功
4. 监控对象配置成功
5. 监控规则配置完成
6. 规则保存成功
7. 规则校验成功(4=4)","1. 
2. 
3. 
4. 
5. 
6. 
7.","","3","功能测试","功能测试阶段","正常","0","1","7","失败","可颂","2025-11-24","旺仔","2025-12-01","1","",""
"168862","数据资产_STD(#23)","/版本迭代测试用例/v6.4.5/岚图/支持抽样检查(#9691)","","验证「抽样检查设置」-「字段内容去重设置」-单个字段-功能正确","1. 资产平台已存在${DATASOURCE}_${DATABASE}_${TABLE}并授权给当前测试项目
2. ${TABLE} DDL\DML 如下：
drop table if exists table1;
create table if not EXISTS table1 (
id int,
age string,
name string,
score string,
sex string
)USING paimon
tblproperties (
&#039;primary-key&#039; = &#039;id&#039;
);
INSERT INTO table1 VALUES
(1, &#039;11&#039;,&#039;林大&#039;,&#039;100&#039;,&#039;男&#039;),
(2, &#039;12&#039;,&#039;王二&#039;,&#039;99&#039;,&#039;男&#039;);
(3, &#039;13&#039;,&#039;张三&#039;,&#039;99&#039;,&#039;男&#039;);
(4, &#039;14&#039;,&#039;李四&#039;,&#039;100&#039;,&#039;女&#039;);
SELECT * FROM table1;","1. 进入「数据质量」-「规则任务配置」-「监控对象」页面
2. 开启「抽样检查配置」，仅勾选「字段内容去重设置」
3. 去重字段选择「sex」,点击下一步
4. 「规则名称」输入「test_rule」「选择数据源」选择「${DATASOURCE}」「选择数据库」选择「${DATABASE}」「选择数据表」选择「${TABLE}」
5. 「监控规则」新增「完整性校验」「字段」选择「score」「统计函数」选择「表行数」「期望值」为「=2」「强弱规则」选择为「弱规则」「规则描述」输入「测试规则」
6. 配置「调度属性」，保存规则
7. 立即运行规则
8. 编辑规则,去重字段选择「id」,点击下一步
9. 立即运行规则","1. 进入成功
2. 开启配置成功
3. 字段选择成功
4. 监控对象配置成功
5. 监控规则配置完成
6. 规则保存成功
7. 规则校验成功(2=2)
8. 字段选择成功
9. 规则校验失败(4 != 2)","1. 
2. 
3. 
4. 
5. 
6. 
7. 
8. 
9.","","3","功能测试","功能测试阶段","正常","0","1","9","失败","可颂","2025-11-24","旺仔","2025-12-01","1","",""
"168861","数据资产_STD(#23)","/版本迭代测试用例/v6.4.5/岚图/支持抽样检查(#9691)","","验证「抽样检查设置」-「字段内容去重设置」交互正确","1. 已存在${DATASOURCE}_${DATABASE}_${TABLE}
2.  ${TABLE} 建表DDL如下
CREATE TABLE test_100_fields (
id INT PRIMARY KEY AUTO_INCREMENT,
field_1 VARCHAR(255),
field_2 VARCHAR(255),
field_3 VARCHAR(255),
-- ...
field_100 VARCHAR(255)
);","1. 进入「数据质量」-「规则任务配置」-「监控对象」页面
2. 开启「抽样检查配置」
3. 勾选「字段内容去重设置」
4. 取消勾选「字段内容去重设置」
5. 选择单个字段
6. 选择5/10/100个字段
7. 删除字段
8. 删除后添加字段","1. 进入成功
2. 开启成功
3. 勾选成功
4. 取消勾选成功
5. 单个字段选择成功
6. 字段选择成功
7. 字段删除成功
8. 添加成功","1. 
2. 
3. 
4. 
5. 
6. 
7. 
8.","","3","功能测试","功能测试阶段","正常","0","1","8","通过","可颂","2025-11-24","旺仔","2025-11-27","1","",""
"168860","数据资产_STD(#23)","/版本迭代测试用例/v6.4.5/岚图/支持抽样检查(#9691)","","验证「抽样检查配置」按钮联动交互正确","无","1. 进入「数据质量」-「规则任务配置」-「监控对象」页面
2. 查看「抽样检查配置」开关
3. 点击「开启」","1. 进入成功
2. 开关默认为「关闭状态」
3. 状态变更为「开启」，且展示「字段内容去重」「过滤条件设置」「抽样设置」配置项","1. 
2. 
3.","","3","功能测试","功能测试阶段","正常","0","1","3","通过","可颂","2025-11-24","旺仔","2025-11-27","1","",""
"168859","数据资产_STD(#23)","/版本迭代测试用例/v6.4.5/岚图/支持抽样检查(#9691)","","验证「数据质量」-「规则任务配置」页新增「抽样检查设置」配置项","无","1. 进入「数据质量」-「规则任务配置」页面
2. 点击「新建监控规则」按钮，进入「监控对象」配置页面
3. UI  CHECK","1. 进入成功
2. 进入成功
3. 「数据预览」下新增「抽样检查设置」配置项","1. 
2. 
3.","","1","功能测试","功能测试阶段","正常","0","1","3","通过","可颂","2025-11-24","旺仔","2025-11-27","1","",""
"168858","数据资产_STD(#23)","/版本迭代测试用例/v6.4.5/标品需求/生命周期统一(#9689)","","验证「资产-脏数据管理」设置表生命周期逻辑正确(全版本)","无","1. 进入资产-质量页面
2. 使用${DATASOURCE}数据源配置单表校验规则
3. 进入数据质量-项目管理-脏数据管理页面
4. 编辑${DATASOURCE}数据源脏数据存储，默认90改为1
5. 运行规则，查看脏数据库下的表
6. 1天后，再来看脏数据库下的表
7. 编辑生命周期为30，重新跑规则
8. 1天后查看脏数据库下的表
9. 查看审计日志","1. 进入成功
2. 配置成功
3. 进入成功
4. 编辑成功
5. 临时结果表、脏数据表均创建成功
6. 临时结果表、脏数据表均删除
7. 生命周期编辑成功
8. 不被删除，编辑生命周期生效
9. 审计日志记录正确","1. 
2. 
3. 
4. 
5. 
6. 
7. 
8. 
9.","","1","功能测试","功能测试阶段","正常","0","1","9","通过","可颂","2025-11-24","旺仔","2025-12-30","1","",""
"168857","数据资产_STD(#23)","/版本迭代测试用例/v6.4.5/标品需求/生命周期统一(#9689)","","验证「资产-数据模型建表」设置表生命周期逻辑正确(全版本)","无","1. 进入资产-数据模型页面
2. 点击「新建表」，选择必填项
3. 设置表生命周期为「2」，点击下一步
4. 新增「id int」字段，点击创建表
5. 编辑表，设置表生命周期为「1」，保存
6. 1天后，查看表
7. 查看审计日志","1. 进入成功
2. 必填项配置成功
3. 表生命周期配置成功
4. 表创建成功
5. 编辑表生命周期成功
6. 表生命周期生效成功，根据最新配置维护表，删除 成功
7. 审计日志记录正确","1. 
2. 
3. 
4. 
5. 
6. 
7.","","2","功能测试","功能测试阶段","正常","0","0","7","","可颂","2025-11-24","旺仔","2025-12-30","1","",""
"168856","数据资产_STD(#23)","/版本迭代测试用例/v6.4.5/标品需求/生命周期统一(#9689)","","验证「资产-元数据管理」维护表生命周期逻辑正确(53版本及以上)","1. 资产-数据地图已存在表A","1. 进入资产-元数据-元数据管理页面
2. 选择当前数据源-数据库-数据表
3. 编辑「生命周期」，设置为1
4. 1天过后，查看表A
5. 查看审计日志","1. 进入成功
2. 选择成功
3. 设置成功
4. 表A被删除，生命周期设置生效
5. 审计日志记录正确","1. 
2. 
3. 
4. 
5.","","3","功能测试","功能测试阶段","正常","0","1","5","通过","可颂","2025-11-24","旺仔","2025-12-30","1","",""
"168855","数据资产_STD(#23)","/版本迭代测试用例/v6.4.5/标品需求/生命周期统一(#9689)","","验证离线建表设置tableLife生效逻辑正确(53版本及以上)","CREATE TABLE user_log (
uid BIGINT,
action STRING,
ts STRING
)
PARTITIONED BY (dt STRING)
tableLife 1;","1. 进入离线开发平台，创建${DATASOURCE}类型SQL任务
2. 输入前提条件内的建表语句，保存
3. 运行当前任务
4. 1天后，再次查看表是否存在
5. 离线创建表A时，设置生命周期为10， 同步到资产后，资产维护表生命周期为1
6. 离线再次执行建表SQL，设置生命周期为10，执行SQL
7. 1天后，查看表A
8. 查看审计日志","1. 创建成功
2. SQL任务保存成功
3. 任务运行成功，表创建成功
4. 表生命周期到期，表被删除
5. 资产维护表A生命周期成功
6. 执行成功
7. 表A仍被删除(离线建表逻辑为create table if not exists),对于已存在并设置生命周期的表不会再生效
8. 审计日志记录正确","1. 
2. 
3. 
4. 
5. 
6. 
7. 
8.","","3","功能测试","功能测试阶段","正常","0","0","8","","可颂","2025-11-24","","0000-00-00","1","",""
"168626","数据资产_STD(#23)","/版本迭代测试用例/v6.4.5/苏银凯基/【数据安全】自动分级规则支持批量导入字段数据(#9668)","【数据安全】自动分级规则支持批量导入字段数据(#15090)","验证批量导入后执行分级功能","<p>1.已打开数据安全-自动分级-配置规则页面</p>
<p>2.页面已批量导入识别数据</p>","1. 正确填写其余内容，执行增量识别，点击立即生效
2. 再次执行全量识别，点击立即生效","1. 查看分级数据内容正确
2. 查看分级数据内容正确","1. 
2.","","3","功能测试","","正常","0","0","2","","听筠","2025-11-19","","0000-00-00","1","",""
"168625","数据资产_STD(#23)","/版本迭代测试用例/v6.4.5/苏银凯基/【数据安全】自动分级规则支持批量导入字段数据(#9668)","【数据安全】自动分级规则支持批量导入字段数据(#15090)","验证页面已存在相同内容进行批量导入功能","<p>1.已打开数据安全-自动分级-配置规则页面</p>
<p>2.页面已存在部分数据</p>","1. 确定文件中有页面已存在的部分数据
2. 在文件中新增其他数据
3. 上传文件，查看页面的识别数据
4. 删除文件中部分页面已存在的数据，再次上传文件，查看页面的识别数据","1. 文件包括页面已存在的部分数据
2. 新增成功
3. 新增文件中新增的数据；
页面原有数据不变，执行覆盖操作
4. 只展现文件中有的数据","1. 
2. 
3. 
4.","","2","功能测试","","正常","0","1","4","通过","听筠","2025-11-19","","0000-00-00","1","",""
"168528","数据资产_STD(#23)","/版本迭代测试用例/v6.4.5/gate二期/【数据安全】用户等级和公共组件对接(#9658)","【数据安全】用户等级和公共组件对接（公共组件支持自定义用户等级）(#15124)","验证删除用户等级后对应功能正确","<span style=“color:#27292A;font-family:NeverMindUI, -apple-system, BlinkMacSystemFont, &quot;background-color:rgba(245, 246, 247, 0.92);“>1.公共组件存在级别最高的用户等级名称：L1；</span><br /><span style=“color:#27292A;font-family:NeverMindUI, -apple-system, BlinkMacSystemFont, &quot;background-color:rgba(245, 246, 247, 0.92);“>级别第二高的用户等级名称：L2</span><br /><span style=“color:#27292A;font-family:NeverMindUI, -apple-system, BlinkMacSystemFont, &quot;background-color:rgba(245, 246, 247, 0.92);“>2.存在用户的级别名称为L1</span>","1. 删除L1
2. 点击进入数据安全-级别管理-添加级别页面
3. 鼠标移至开放用户等级右边“？”图标
4. 查看[分级管理]列表
5. 登录级别名称为L1的用户，查看分级数据表的信息
6. 修改该用户级别名称为L2，查看分级数据表的信息","1. 删除成功，最高级别对应的级别名称为L2
2. 进入成功
3. 显示提示信息：设置后，归属于该级别的字段只开放给对应用户等级的用户查看，默认开放给最高级别的用户
（L2级别表示最高级别用户，L2级以下等级用户均无查看权限）
4. 显示为公共组件自定义的名称：最高级别对应的开放用户等级更改为L2
5. 无法查看
6. 可以查看到正确信息","1. 
2. 
3. 
4. 
5. 
6.","","2","功能测试","","正常","0","0","6","","听筠","2025-11-18","","0000-00-00","1","",""
"168527","数据资产_STD(#23)","/版本迭代测试用例/v6.4.5/gate二期/【数据安全】用户等级和公共组件对接(#9658)","【数据安全】用户等级和公共组件对接（公共组件支持自定义用户等级）(#15124)","验证编辑用户等级后对应功能正确","<span style=“color:#27292A;font-family:NeverMindUI, -apple-system, BlinkMacSystemFont, &quot;background-color:rgba(245, 246, 247, 0.92);“>1.公共组件存在级别最高的用户等级名称：L1</span><br /><span style=“color:#27292A;font-family:NeverMindUI, -apple-system, BlinkMacSystemFont, &quot;background-color:rgba(245, 246, 247, 0.92);“>2.存在用户的级别名称为L1</span>","1. 编辑L1为L10
2. 点击进入数据安全-级别管理-添加级别页面
3. 鼠标移至开放用户等级右边“？”图标
4. 查看[分级管理]列表
5. 登录级别名称为L1的用户，查看分级数据表的信息
6. 修改该用户级别名称为L10，查看分级数据表的信息","1. 编辑成功，最高级别的级别名称为L10
2. 进入成功
3. 显示提示信息：设置后，归属于该级别的字段只开放给对应用户等级的用户查看，默认开放给最高级别的用户
（L10级别表示最高级别用户，L10级以下等级用户均无查看权限）
4. 显示为公共组件自定义的名称：最高级别对应的开放用户等级更改为L10
5. 无法查看
6. 可以查看到正确信息","1. 
2. 
3. 
4. 
5. 
6.","","2","功能测试","","正常","0","0","6","","听筠","2025-11-18","","0000-00-00","1","",""
"168526","数据资产_STD(#23)","/版本迭代测试用例/v6.4.5/gate二期/【数据安全】用户等级和公共组件对接(#9658)","【数据安全】用户等级和公共组件对接（公共组件支持自定义用户等级）(#15124)","验证新增最高级别后对应功能正确","<span style=“color:#27292A;font-family:NeverMindUI, -apple-system, BlinkMacSystemFont, &quot;background-color:rgba(245, 246, 247, 0.92);“>1.公共组件存在级别最高的用户等级名称：L1</span><br /><span style=“color:#27292A;font-family:NeverMindUI, -apple-system, BlinkMacSystemFont, &quot;background-color:rgba(245, 246, 247, 0.92);“>2.存在用户的级别名称为L1</span>","1. 新增一个最高级别，对应级别名称为L20
2. 点击进入数据安全-级别管理-添加级别页面
3. 鼠标移至开放用户等级右边“？”图标
4. 查看[分级管理]列表
5. 登录级别名称为L1的用户，查看分级数据表的信息
6. 修改该用户级别名称为L20，查看分级数据表的信息","1. 新增成功
2. 进入成功
3. 显示提示信息：设置后，归属于该级别的字段只开放给对应用户等级的用户查看，默认开放给最高级别的用户
（L20级别表示最高级别用户，L20级以下等级用户均无查看权限）
4. 显示为公共组件自定义的名称：最高级别对应的开放用户等级更改为L20
5. 无法查看
6. 可以查看到正确信息","1. 
2. 
3. 级别名称取值有误
4. 
5. 
6.","","2","功能测试","","正常","0","1","6","阻塞","听筠","2025-11-18","","0000-00-00","1","",""
"168485","数据资产_STD(#23)","/版本迭代测试用例/v6.4.5/苏银凯基/【数据安全】自动分级规则支持批量导入字段数据(#9668)","【数据安全】自动分级规则支持批量导入字段数据(#15090)","验证批量导入弹窗【取消】按钮功能","1.已进入数据安全-自动分级-添加规则-配置规则页面
2.批量导入弹窗已打开","1. 点击取消","1. 弹窗消失，查看[配置规则]页数据识别处未新增内容","1.","","2","功能测试","功能测试阶段","正常","0","1","1","通过","听筠","2025-11-13","","0000-00-00","1","",""
"168484","数据资产_STD(#23)","/版本迭代测试用例/v6.4.5/苏银凯基/【数据安全】自动分级规则支持批量导入字段数据(#9668)","【数据安全】自动分级规则支持批量导入字段数据(#15090)","验证异常上传文件功能","1.已进入数据安全-自动分级-添加规则-配置规则页面","1. 点击上传文件图标
2. 选择.docx格式文件进行上传
3. 重新上传.xlsx格式文件但内容有误","1. 弹出本地文件目录窗
2. 提示导入失败，格式不符合
3. 提示导入失败，支持查看失败原因且失败原因正确","1. 
2. 
3.","","1","功能测试","功能测试阶段","正常","0","2","3","通过","听筠","2025-11-13","","0000-00-00","1","",""
"168483","数据资产_STD(#23)","/版本迭代测试用例/v6.4.5/苏银凯基/【数据安全】自动分级规则支持批量导入字段数据(#9668)","【数据安全】自动分级规则支持批量导入字段数据(#15090)","验证正确上传文件功能","1.已进入数据安全-自动分级-添加规则-配置规则页面
2.本地存在格式为.xlsx的文件，且文件内容正确","1. 点击上传文件图标
2. 选择正确.xlsx格式文件进行上传
3. 查看导入的信息","1. 弹出本地文件目录窗
2. 成功上传，配置规则页面的数据识别处显示批量导入的信息
3. 1.包含文件中的元数据字段识别-字段名识别&字段名排除，以及字段备注识别-备注识别&备注排除
2.信息内容与文件内容一致","1. 
2. 
3.","","1","功能测试","功能测试阶段","正常","0","2","3","通过","听筠","2025-11-13","听筠","2025-11-13","2","",""
"168482","数据资产_STD(#23)","/版本迭代测试用例/v6.4.5/苏银凯基/【数据安全】自动分级规则支持批量导入字段数据(#9668)","【数据安全】自动分级规则支持批量导入字段数据(#15090)","验证批量导入的下载模板格式和内容","已下载该模板","1. 查看模板文件
2. 查看模板文件内容","1. 为.xlsx文件
2. 1.首行提示：
输入格式：其中任意一段都可以使用*作为通配符，如下：ab*cd(ab开头cd结尾的所有字段都会被识别)；ab*(ab为开头的所有字段都会被识别)；*cd(cd为结尾的所有字段都会被识别)；*ab*cd(包含ab的所有字段都会被识别)。
2.第二行包含元数据字段识别和字段备注识别两列；
3.第三行显示元数据字段识别列的字段名识别和字段名排除两列，以及字段备注识别列的备注识别和备注排除两列，共四列；
4.第四行显示第三行对应列的示例：
1）列一：示例：*id*；
2）列二：示例：name*；
3）列三：示例：*计划时间；
4）列四：示例：内部数据*加密","1. 
2. 提示信息缺失","","1","功能测试","功能测试阶段","正常","1","3","2","失败","听筠","2025-11-13","听筠","2025-11-13","2","",""
"168481","数据资产_STD(#23)","/版本迭代测试用例/v6.4.5/苏银凯基/【数据安全】自动分级规则支持批量导入字段数据(#9668)","【数据安全】自动分级规则支持批量导入字段数据(#15090)","验证数据安全-数据分级分类-自动分级页的数据识别新增【批量导入】（覆盖）","已进入数据安全-自动分级-添加规则-配置规则页面","1. 查看数据识别处
2. 点击批量导入
3. 查看弹窗
4. 点击下载模板","1. 右边显示批量导入按钮
2. 弹出批量导入弹窗
3. 1.显示上传文件图标按钮；
2.提示支持xlsx格式，显示下载模板按钮；
3.包含取消、确定按钮
4. 支持模板下载到本地","1. 
2. 
3. 
4. 模板下载失败","","1","功能测试","功能测试阶段","正常","1","2","4","失败","听筠","2025-11-13","听筠","2025-11-14","3","",""
"168480","数据资产_STD(#23)","/版本迭代测试用例/v6.4.5/苏银凯基/【数据安全】分级跑批支持增量表(#9667)","【数据安全】分级跑批支持跑增量表(#15089)","验证页面取消按钮功能","已进入数据安全-自动分级-添加规则-配置规则页面","1. 点击取消","1. 弹出二次确认弹窗，点击确定返回列表页","1.","","2","功能测试","功能测试阶段","正常","0","1","1","通过","听筠","2025-11-13","","0000-00-00","1","",""
"168479","数据资产_STD(#23)","/版本迭代测试用例/v6.4.5/苏银凯基/【数据安全】分级跑批支持增量表(#9667)","【数据安全】分级跑批支持跑增量表(#15089)","验证页面上一步按钮功能","已进入数据安全-自动分级-添加规则-配置规则页面","1. 点击上一步","1. 返回基础信息页面","1.","","2","功能测试","功能测试阶段","正常","0","1","1","通过","听筠","2025-11-13","","0000-00-00","1","",""
"168478","数据资产_STD(#23)","/版本迭代测试用例/v6.4.5/苏银凯基/【数据安全】分级跑批支持增量表(#9667)","【数据安全】分级跑批支持跑增量表(#15089)","验证识别模式说明文字","已进入数据安全-自动分级-添加规则-配置规则页面","1. 点击“？”说明标","1. 弹出说明：
1、全量识别：自动分级默认对已配置的所有数据全量识别
2、增量识别：对已配置但未分级的数据进行识别","1.","","2","功能测试","功能测试阶段","正常","0","1","1","通过","听筠","2025-11-13","听筠","2025-11-13","2","",""
"168477","数据资产_STD(#23)","/版本迭代测试用例/v6.4.5/苏银凯基/【数据安全】分级跑批支持增量表(#9667)","【数据安全】分级跑批支持跑增量表(#15089)","验证选择全量识别后功能正常","1.已进入数据安全-自动分级-添加规则-配置规则页面
2.存在已配置的数据
3.存在已配置但未分级的数据","1. 1.选择数据多的数据源类型、数据源
2.正确填写多行数据识别-元数据字段识别-字段名识别（包含已配置但未分级 和 已配置且分级的数据）
2. 选择全量识别，点击立即生效
3. 1.选择数据多的数据源类型、数据源
2.正确填写多行数据识别-字段备注识别-备注识别（包含已配置但未分级 和 已配置且分级的数据）
4. 选择全量识别，点击立即生效
5. 1.选择数据多的数据源类型、数据源
2.正确同时填写多行数据识别-元数据字段识别-字段名识别、字段名排除（包含已配置但未分级和已配置且分级的数据）
6. 选择全量识别，点击立即生效
7. 1.选择数据多的数据源类型、数据源
2.正确同时填写多行数据识别-字段备注识别-备注识别、备注排除（包含已配置但未分级和已配置且分级的数据）
8. 选择全量识别，点击立即生效
9. 1.选择数据多的数据源类型、数据源
2.正确填写多行数据识别-元数据字段识别-字段名识别
3.正确填写多行数据识别-字段备注识别-备注识别
（第2、3点包含已配置但未分级和已配置且分级的数据）
10. 选择全量识别，点击立即生效
11. 1.选择数据多的数据源类型、数据源
2.正确填写多行数据识别-元数据字段识别-字段名识别、字段名排除
3.正确填写多行数据识别-字段备注识别-备注识别、备注排除
（第2、3点包含已配置但未分级和已配置且分级的数据）
12. 选择全量识别，点击立即生效","1. 填写成功
2. 自动分级，对所有已配置的数据进行识别，无报错
3. 填写成功
4. 自动分级，对所有已配置的数据进行识别，无报错
5. 填写成功
6. 自动分级，对所有已配置的数据进行识别，无报错
7. 填写成功
8. 自动分级，对所有已配置的数据进行识别，无报错
9. 填写成功
10. 自动分级，对所有已配置的数据进行识别，无报错
11. 填写成功
12. 自动分级，对所有已配置的数据进行识别，无报错","1. 
2. 
3. 
4. 
5. 
6. 
7. 
8. 
9. 
10. 
11. 
12.","","1","功能测试","功能测试阶段","正常","0","2","12","失败","听筠","2025-11-13","听筠","2025-11-20","3","",""
"168476","数据资产_STD(#23)","/版本迭代测试用例/v6.4.5/苏银凯基/【数据安全】分级跑批支持增量表(#9667)","【数据安全】分级跑批支持跑增量表(#15089)","验证选择增量识别后功能正常","1.已进入数据安全-自动分级-添加规则-配置规则页面
2.存在已配置的数据
3.存在已配置但未分级的数据","1. 1.选择数据多的数据源类型、数据源
2.正确填写多行数据识别-元数据字段识别-字段名识别（包含已配置但未分级 和 已配置且分级的数据）
2. 选择增量识别，点击立即生效
3. 1.选择数据多的数据源类型、数据源
2.正确填写多行数据识别-字段备注识别-备注识别（包含已配置但未分级 和 已配置且分级的数据）
4. 选择增量识别，点击立即生效
5. 1.选择数据多的数据源类型、数据源
2.正确同时填写多行数据识别-元数据字段识别-字段名识别、字段名排除（包含已配置但未分级和已配置且分级的数据）
6. 选择增量识别，点击立即生效
7. 1.选择数据多的数据源类型、数据源
2.正确同时填写多行数据识别-字段备注识别-备注识别、备注排除（包含已配置但未分级和已配置且分级的数据）
8. 选择增量识别，点击立即生效
9. 1.选择数据多的数据源类型、数据源
2.正确填写多行数据识别-元数据字段识别-字段名识别
3.正确填写多行数据识别-字段备注识别-备注识别
（第2、3点包含已配置但未分级和已配置且分级的数据）
10. 选择增量识别，点击立即生效
11. 选择增量识别，点击立即生效
12. 选择增量识别，点击立即生效
13. 1.选择数据多的数据源类型、数据源
2.正确填写多行数据识别-元数据字段识别-字段名识别、字段名排除
3.正确填写多行数据识别-字段备注识别-备注识别、备注排除
（第2、3点包含已配置但未分级和已配置且分级的数据）
14. 选择增量识别，点击立即生效","1. 填写成功
2. 仅对已配置但未分级的数据进行识别，无报错
3. 填写成功
4. 仅对已配置但未分级的数据进行识别，无报错
5. 填写成功
6. 仅对已配置但未分级的数据进行识别，无报错
7. 填写成功
8. 仅对已配置但未分级的数据进行识别，无报错
9. 填写成功
10. 仅对已配置但未分级的数据进行识别，无报错
11. 仅对已配置但未分级的数据进行识别，无报错
12. 仅对已配置但未分级的数据进行识别，无报错
13. 填写成功
14. 仅对已配置但未分级的数据进行识别，无报错","1. 
2. 
3. 
4. 
5. 
6. 
7. 
8. 
9. 
10. 
11. 
12. 
13. 
14.","","1","功能测试","功能测试阶段","正常","0","2","14","通过","听筠","2025-11-13","听筠","2025-11-19","3","",""
"168475","数据资产_STD(#23)","/版本迭代测试用例/v6.4.5/苏银凯基/【数据安全】分级跑批支持增量表(#9667)","【数据安全】分级跑批支持跑增量表(#15089)","验证新增 识别模式支持选择全量/增量识别，默认增量识别","已进入数据安全-自动分级-添加规则-配置规则页面","1. 查看识别模式","1. 1.支持选择全量识别和增量识别，默认选择增量识别；
2.右边显示“？”说明标","1.","","1","功能测试","功能测试阶段","正常","0","2","1","通过","听筠","2025-11-13","听筠","2025-11-18","3","",""
"168474","数据资产_STD(#23)","/版本迭代测试用例/v6.4.5/苏银凯基/【数据安全】分级数据支持级联搜索(#9666)","【数据安全】分级数据支持级联搜索(#15088)","验证搜索框新增找表项及其模糊搜索功能","1.进入数据安全-分级数据页面，页面存在多条记录","1. 点击页面搜索框下拉
2. 点击选择找表
3. 输入部分表名，选择对应数据源类型、数据源、数据库，执行搜索
4. 输入准确表名，选择对应数据源类型、数据源、数据库，执行搜索
5. 输入表名，选择与之不相对应的数据源类型、数据源、数据库
6. 输入特殊字符，执行搜索","1. 包含找表选项
2. 输入框占位符显示：请输入表名搜索
3. 显示对应数据源的数据库下的符合表名的表对应字段数据
4. 显示对应数据源的数据库下的该表名的表对应字段数据
5. 无数据显示
6. 无数据显示","1. 
2. 
3. 
4. 
5. 
6.","","1","功能测试","功能测试阶段","正常","0","2","6","通过","听筠","2025-11-13","","0000-00-00","1","",""
"168473","数据资产_STD(#23)","/版本迭代测试用例/v6.4.5/苏银凯基/【数据安全】分级数据支持级联搜索(#9666)","【数据安全】分级数据支持级联搜索(#15088)","验证数据源类型、数据源、数据库均为空时，搜索字段、表、库、源有结果","1.进入数据安全-分级数据页面，页面存在多条记录
2.存在多个数据源类型及对应的数据源、数据库和字段信息","1. 选择字段搜索框输入字段b,不选择任何数据源类型、数据源和数据库,执行搜索操作
2. 选择数据表搜索框输入表a,不选择任何数据源类型、数据源和数据库,执行搜索操作
3. 选择数据库搜索框输入数据库A,不选择任何数据源类型、数据源和数据库,执行搜索操作
4. 选择数据源搜索框输入数据源Y,不选择任何数据源类型、数据源和数据库,执行搜索操作","1. 成功搜索到含有字段b的数据
2. 成功搜索到表a中的字段数据
3. 成功搜索到数据库A中的字段数据
4. 成功搜索到数据源Y中的字段数据","1. 
2. 
3. 
4.","","2","功能测试","功能测试阶段","正常","0","1","4","通过","听筠","2025-11-13","","0000-00-00","1","",""
"168472","数据资产_STD(#23)","/版本迭代测试用例/v6.4.5/苏银凯基/【数据安全】分级数据支持级联搜索(#9666)","【数据安全】分级数据支持级联搜索(#15088)","验证输入非法字符进行搜索，无结果","1.进入数据安全-分级数据页面，页面存在多条记录
2.存在多个数据源类型及对应的数据源、数据库和字段信息","1. 在搜索框输入特殊字符如'@#$%^&*()',执行搜索操作","1. 搜索失败","1.","","3","功能测试","功能测试阶段","正常","0","1","1","通过","听筠","2025-11-13","","0000-00-00","1","",""
"168471","数据资产_STD(#23)","/版本迭代测试用例/v6.4.5/苏银凯基/【数据安全】分级数据支持级联搜索(#9666)","【数据安全】分级数据支持级联搜索(#15088)","验证数据库为空时，搜索字段、表、库、源有结果","1.进入数据安全-分级数据页面，页面存在多条记录
2.存在多个数据源类型及对应的数据源、数据库和字段信息","1. 选择字段搜索框输入字段b,选择数据源类型和数据源，但不选择数据库,执行搜索操作
2. 选择数据表搜索框输入表a,选择数据源类型和数据源，但不选择数据库,执行搜索操作
3. 选择数据库搜索框输入数据库A,选择数据源类型和数据源，但不选择数据库,执行搜索操作
4. 选择数据源搜索框输入数据源Y,选择数据源类型和数据源，但不选择数据库,执行搜索操作","1. 成功搜索到含有字段b的数据
2. 成功搜索到表a中的字段数据
3. 成功搜索到数据库A中的字段数据
4. 成功搜索到数据源Y中的字段数据","1. 
2. 
3. 
4.","","2","功能测试","功能测试阶段","正常","0","1","4","通过","听筠","2025-11-13","","0000-00-00","1","",""
"168470","数据资产_STD(#23)","/版本迭代测试用例/v6.4.5/苏银凯基/【数据安全】分级数据支持级联搜索(#9666)","【数据安全】分级数据支持级联搜索(#15088)","验证数据源为空时，搜索字段、表、库、源有结果","1.进入数据安全-分级数据页面，页面存在多条记录
2.存在多个数据源类型及对应的数据源、数据库和字段信息","1. 选择字段搜索框输入字段b,选择数据源类型但不选择数据源,执行搜索操作
2. 选择数据表搜索框输入表a,选择数据源类型但不选择数据源,执行搜索操作
3. 选择数据库搜索框输入数据库A,选择数据源类型但不选择数据源,执行搜索操作
4. 选择数据源搜索框输入数据源Y,选择数据源类型但不选择数据源,执行搜索操作","1. 成功搜索到含有字段b的数据
2. 成功搜索到表a中的字段数据
3. 成功搜索到数据库A中的字段数据
4. 成功搜索到数据源Y中的字段数据","1. 
2. 
3. 
4.","","2","功能测试","功能测试阶段","正常","0","1","4","通过","听筠","2025-11-13","","0000-00-00","1","",""
"168469","数据资产_STD(#23)","/版本迭代测试用例/v6.4.5/苏银凯基/【数据安全】分级数据支持级联搜索(#9666)","【数据安全】分级数据支持级联搜索(#15088)","验证数据源类型为空时，搜索字段、表、库、源有结果","1.进入数据安全-分级数据页面，页面存在多条记录
2.存在多个数据源类型及对应的数据源、数据库和字段信息","1. 选择字段搜索框输入字段b,不选择数据源类型、数据源和数据库,执行搜索操作
2. 选择数据表搜索框输入表a,不选择数据源类型、数据源和数据库,执行搜索操作
3. 选择数据库搜索框输入数据库A,不选择数据源类型、数据源和数据库,执行搜索操作
4. 选择数据源搜索框输入数据源Y,不选择数据源类型、数据源和数据库,执行搜索操作","1. 成功搜索到含有字段b的数据
2. 成功搜索到表a中的字段数据
3. 成功搜索到数据库A中的字段数据
4. 成功搜索到数据源Y中的字段数据","1. 
2. 
3. 
4.","","2","功能测试","功能测试阶段","正常","0","1","4","通过","听筠","2025-11-13","","0000-00-00","1","",""
"168468","数据资产_STD(#23)","/版本迭代测试用例/v6.4.5/苏银凯基/【数据安全】分级数据支持级联搜索(#9666)","【数据安全】分级数据支持级联搜索(#15088)","验证未选择数据源时，数据库不可选","1.进入数据安全-分级数据页面，页面存在多条记录
2.存在多个数据源类型及对应的数据源、数据库和字段信息","1. 选择数据源类型但不选择数据源，尝试选择数据库","1. 数据库下拉菜单为空，无法进行后续选择","1.","","2","功能测试","功能测试阶段","正常","0","1","1","通过","听筠","2025-11-13","","0000-00-00","1","",""
"168467","数据资产_STD(#23)","/版本迭代测试用例/v6.4.5/苏银凯基/【数据安全】分级数据支持级联搜索(#9666)","【数据安全】分级数据支持级联搜索(#15088)","验证未选择数据源类型时，数据源不可选","1.进入数据安全-分级数据页面，页面存在多条记录
2.存在多个数据源类型及对应的数据源、数据库和字段信息","1. 不选择数据源类型，直接尝试选择数据源","1. 数据源下拉菜单为空，无法进行后续选择","1.","","2","功能测试","功能测试阶段","正常","0","1","1","通过","听筠","2025-11-13","","0000-00-00","1","",""
"168466","数据资产_STD(#23)","/版本迭代测试用例/v6.4.5/苏银凯基/【数据安全】分级数据支持级联搜索(#9666)","【数据安全】分级数据支持级联搜索(#15088)","验证数据库搜索框与数据库不一致时联级查询","1.进入数据安全-分级数据页面，页面存在多条记录
2.存在多个数据源类型及对应的数据源、数据库和字段信息","1. 选择数据库搜索框输入数据库A,选择数据库查询框为B，执行查询操作","1. 查询失败","1.","","2","功能测试","功能测试阶段","正常","0","0","1","","听筠","2025-11-13","","0000-00-00","1","",""
"168465","数据资产_STD(#23)","/版本迭代测试用例/v6.4.5/苏银凯基/【数据安全】分级数据支持级联搜索(#9666)","【数据安全】分级数据支持级联搜索(#15088)","验证数据源搜索框与数据源不一致时联级查询","1.进入数据安全-分级数据页面，页面存在多条记录
2.存在多个数据源类型及对应的数据源、数据库和字段信息","1. 选择数据源搜索框输入数据源Y,选择数据源查询框为Z，执行查询操作","1. 查询失败","1.","","2","功能测试","功能测试阶段","正常","0","0","1","","听筠","2025-11-13","","0000-00-00","1","",""
"168464","数据资产_STD(#23)","/版本迭代测试用例/v6.4.5/苏银凯基/【数据安全】分级数据支持级联搜索(#9666)","【数据安全】分级数据支持级联搜索(#15088)","验证搜索字段、数据源、数据库、数据表时联级查询数据源和数据库","1.进入数据安全-分级数据页面，页面存在多条记录
2.存在多个数据源类型及对应的数据源、数据库和字段信息","1. 选择字段搜索框输入字段名b,选择数据源类型为X，数据源为Y，数据库为A,执行搜索操作
2. 选择数据源搜索框输入数据源Y,选择数据源类型为X，数据源为Y，数据库为A,执行搜索操作
3. 选择数据库搜索框输入数据库A,选择数据源类型为X，数据源为Y，数据库为A,执行搜索操作
4. 选择数据表搜索框输入表a,选择数据源类型为X，数据源为Y，数据库为A,执行搜索操作","1. 成功从数据源Y中的数据库A查找到字段b，返回符合条件的数据
2. 成功从数据源Y中的数据库A中查找所有字段，返回符合条件的数据
3. 成功从数据源Y中的数据库A中查找所有字段，返回符合条件的数据
4. 成功从数据源Y中的数据库A中的表a查找所有字段，返回符合条件的数据","1. 
2. 
3. 
4.","","1","功能测试","功能测试阶段","正常","0","2","4","通过","听筠","2025-11-13","","0000-00-00","1","",""
"168463","数据资产_STD(#23)","/版本迭代测试用例/v6.4.5/苏银凯基/【数据安全】分级数据支持级联搜索(#9666)","【数据安全】分级数据支持级联搜索(#15088)","验证联级查询时，数据源类型、数据源、数据库联动正确","1.进入数据安全-分级数据页面，页面存在多条记录
2.存在多个数据源类型及对应的数据源、数据库和字段信息","1. 选择数据源类型为X,选择数据源为Y,选择数据库为A,执行搜索操作
2. 在数据源类型、数据源、数据库下拉框处执行模糊搜索
3. 在数据源类型、数据源、数据库下拉框处输入特殊字符","1. 根据所选的X、Y、A进行联合查询，返回正确的数据
2. 成功搜索到存在的对应数据
3. 输入成功，搜索无结果","1. 
2. 
3.","","1","功能测试","功能测试阶段","正常","0","2","3","通过","听筠","2025-11-13","听筠","2025-11-18","2","",""
"168462","数据资产_STD(#23)","/版本迭代测试用例/v6.4.5/苏银凯基/【数据安全】分级数据支持级联搜索(#9666)","【数据安全】分级数据支持级联搜索(#15088)","验证数据源类型、数据源、数据库数量展示正确","1.进入数据安全-分级数据页面，页面存在多条记录
2.存在多个数据源类型及对应的数据源、数据库和字段信息","1. 查看数据源类型、数据源、数据库后方数量显示
2. 选择数据源类型为X
3. 选择数据源为Y","1. 数据源类型后方展示正确的数量；
数据源和数据库默认显示数量为0
2. 数据源后方正确显示X数据源类型中存在的数据源数量
3. 数据库后方正确显示Y数据源中存在的数据库数量","1. 
2. 
3.","","1","功能测试","功能测试阶段","正常","0","2","3","通过","听筠","2025-11-13","听筠","2025-11-18","1","",""
"168461","数据资产_STD(#23)","/版本迭代测试用例/v6.4.5/苏银凯基/【数据安全】分级数据支持级联搜索(#9666)","【数据安全】分级数据支持级联搜索(#15088)","验证手动分级按钮功能","进入数据安全-分级数据页面","1. 点击手动分级按钮
2. 正确填写内容，点击发布
3. 点击取消","1. 弹出手动分级页面弹窗
2. 成功手动分级操作
3. 全局提示并二次确认","1. 
2. 
3.","","2","功能测试","功能测试阶段","正常","0","1","3","通过","听筠","2025-11-13","","0000-00-00","1","",""
"168460","数据资产_STD(#23)","/版本迭代测试用例/v6.4.5/苏银凯基/【数据安全】分级数据支持级联搜索(#9666)","【数据安全】分级数据支持级联搜索(#15088)","验证重置按钮功能","进入数据安全-分级数据页面","1. 在搜索下拉框处选择找字段，输入存在的字段名称，点击搜索
2. 点击重置按钮","1. 搜索成功，列表正确展示对应内容
2. 列表显示所有记录","1. 
2.","","2","功能测试","功能测试阶段","正常","0","1","2","通过","听筠","2025-11-13","","0000-00-00","1","",""
"168459","数据资产_STD(#23)","/版本迭代测试用例/v6.4.5/苏银凯基/【数据安全】分级数据支持级联搜索(#9666)","【数据安全】分级数据支持级联搜索(#15088)","验证页面列表操作","进入数据安全-分级数据页面","1. 查看列表
2. 查看任一条记录
3. 点击列表记录对应勾选框、全选框
4. 点击分类筛选器，进行分类筛选
5. 清除分类筛选，点击分级方式筛选器，进行分级方式筛选
6. 进行分类、分级方式同时筛选","1. 1.展示存在记录；
2.无记录时展示为暂无数据；
3.表头对应无数据时展示为--
4.全选勾选框和下架按钮默认置为灰色
2. 操作处支持历史记录查看、下架、编辑操作
3. 成功部分/全部勾选记录，且下架按钮变蓝、支持点击
4. 列表成功显示被筛选后的正确记录
5. 列表成功显示被筛选后的正确记录
6. 列表成功显示被筛选后的正确记录","1. 
2. 
3. 
4. 
5. 
6.","","2","功能测试","功能测试阶段","正常","0","1","6","通过","听筠","2025-11-13","听筠","2025-11-18","3","",""
"168458","数据资产_STD(#23)","/版本迭代测试用例/v6.4.5/苏银凯基/【数据安全】分级数据支持级联搜索(#9666)","【数据安全】分级数据支持级联搜索(#15088)","验证页面UI","无","1. 进入数据安全-分级数据页面
2. 查看初始页面详情
3. 查看搜索框和联级查询框
4. 点击数据级别下存在的类型
5. 查看列表详情","1. 成功进入
2. 页面从左到右依次展示：
1.数据级别
2.下拉搜索框
3.数据源类型、数据源、数据库级联查询下拉框
4.重置、手动分级按钮
5.字段列表，全选框、下架按钮
3. 1.搜索框默认“找字段”，占位符：请输入字段、字段中文名搜索；
2.数据源类型，占位符：请选择数据源类型；
3.数据源，占位符：请选择数据源；
4.数据库，占位符：请选择数据库
4. 1.显示对应级别类型
2.点击级别类型切换对应列表
5. 1.表头：字段名、级别、字段中文名、分类、分级方式、表名、数据库、数据源、数据源类型、分级时间、操作
2.无内容时展示：暂无数据","1. 
2. 
3. 
4. 
5.","","3","功能测试","功能测试阶段","正常","0","1","5","通过","听筠","2025-11-13","听筠","2025-11-14","2","",""
"168455","数据资产_STD(#23)","/版本迭代测试用例/v6.4.5/gate二期/【数据质量】支持立即生成当天实例(#9659)","【数据质量】支持立即生成当天实例(#15126)","验证新增配置规则时，调度属性页面新增 [实例生成方式]","无","1. 进入数据质量-规则配置-调度属性页面,
2. 查看页面
3. 查看字段右边“？”提示内容","1. 进入成功
2. 1.规则拼接包下方新增实例生成方式可选字段，
2.支持选项T+1 & 立即生成；
3.默认选择T+1
3. 提示：
选中「T+1生成」，代表实例生成按照配置项设置的时间生成实例，默认是22：00；
选中「立即生成」，代表提交后立即生成当天开始未来时间内的实例，之后的实例生成还是按照配置项设置的时问生成实例；","1. 
2. 
3.","","2","功能测试","功能测试阶段","正常","0","1","3","通过","听筠","2025-11-13","听筠","2025-11-14","2","",""
"168454","数据资产_STD(#23)","/版本迭代测试用例/v6.4.5/gate二期/【数据质量】支持立即生成当天实例(#9659)","【数据质量】支持立即生成当天实例(#15126)","验证新增规则时选中「T+1生成」时实例在配置时间生成","1.数据质量-规则任务配置页面已打开","1. 1.点击新增规则任务配置
2.添加监控对象
3.添加监控规则：完整性、准确性、规范性、唯一性校验
2. 点击下一步，进入调度属性页面
3. 选择实例生成方式为 T+1生成，其余必填属性内容正确填写完毕
4. 点击新建按钮
5. 运行任务,查看任务执行情况和质量报告
6. 查看该规则生成实例状态
7. 第二天22点前查看实例生成状态
8. 第二天22点后查看实例生成状态","1. 配置完成
2. 进入成功
3. 选择成功
4. 规则任务配置成功
5. 1.成功运行
2.校验结果符合预期
3.质量报告生成成功,内容正确
6. 未立即生成
7. 未生成
8. 成功生成前一天配置的规则任务实例，显示生成时间为22点","1. 
2. 
3. 
4. 
5. 
6. 
7. 
8.","","1","功能测试","功能测试阶段","正常","0","1","8","通过","听筠","2025-11-13","听筠","2025-11-17","4","",""
"168453","数据资产_STD(#23)","/版本迭代测试用例/v6.4.5/gate二期/【数据质量】支持立即生成当天实例(#9659)","【数据质量】支持立即生成当天实例(#15126)","验证新增规则时选中「立即生成」后，实例在5分钟后生成","1.数据质量-规则任务配置页面已打开","1. 1.点击新增规则任务配置
2.添加监控对象
3.添加监控规则：完整性、唯一性、有效性、准确性校验
2. 点击下一步，进入调度属性页面
3. 选择实例生成方式为 立即生成，其余必填属性内容正确填写完毕
4. 点击新建按钮
5. 运行任务,查看任务执行情况和质量报告
6. 立即查看该规则生成实例状态
7. T+4分钟内再次查看实例生成状态
8. T+5分钟后再次查看实例生成状态","1. 配置完成
2. 进入成功
3. 选择成功
4. 规则任务配置成功
5. 1.成功运行
2.校验结果符合预期
3.质量报告生成成功,内容正确
6. 未立即生成
7. 未生成
8. 成功生成配置的规则任务实例，显示生成时间为配置时间+5分钟","1. 
2. 
3. 
4. 
5. 
6. 
7. 
8. 未生成实例","","1","功能测试","功能测试阶段","正常","1","1","8","失败","听筠","2025-11-13","听筠","2025-11-13","2","",""
"168452","数据资产_STD(#23)","/版本迭代测试用例/v6.4.5/gate二期/【数据质量】支持立即生成当天实例(#9659)","【数据质量】支持立即生成当天实例(#15126)","验证编辑配置规则时，调度属性页面新增 [实例生成方式]","无","1. 选择某一任务规则，点击编辑按钮,
2. 进入编辑调度属性页面，并查看页面
3. 查看字段右边“？”提示内容","1. 进入成功
2. 1.规则拼接包下方新增实例生成方式可选字段，
2.支持选项T+1 & 立即生成；
3.默认选择T+1
3. 提示：
选中「T+1生成」，代表实例生成按照配置项设置的时间生成实例，默认是22：00；
选中「立即生成」，代表提交后立即生成当天开始未来时间内的实例，之后的实例生成还是按照配置项设置的时问生成实例；","1. 
2. 
3.","","2","功能测试","功能测试阶段","正常","0","1","3","通过","听筠","2025-11-13","听筠","2025-11-14","2","",""
"168451","数据资产_STD(#23)","/版本迭代测试用例/v6.4.5/gate二期/【数据质量】支持立即生成当天实例(#9659)","【数据质量】支持立即生成当天实例(#15126)","验证编辑调度属性时选中「T+1生成」时实例在配置时间生成","1.数据质量-规则任务配置页面已打开","1. 点击某一任务,
2. 点击编辑按钮,进入调度属性页面
3. 1.修改监控规则
2.点击下一步，进入调度属性页面
4. 选择实例生成方式为 T+1生成，其余必填属性内容正确填写完毕
5. 点击保存按钮
6. 运行任务,查看任务执行情况和质量报告
7. 查看该规则生成实例状态
8. 第二天22点前查看实例生成状态
9. 第二天22点后查看实例生成状态","1. 抽屉展开该任务详情
2. 1.调度属性编辑页面正常打开
2.显示原有内容
3. 进入成功
4. 选择成功
5. 规则任务配置成功
6. 1.成功运行
2.校验结果符合预期
3.质量报告生成成功,内容正确
7. 未立即生成
8. 未生成
9. 成功生成前一天配置的规则任务实例，显示生成时间为22点","1. 
2. 
3. 
4. 
5. 
6. 
7. 
8. 
9. 未在规定时间内生成实例","","1","功能测试","功能测试阶段","正常","0","1","9","阻塞","听筠","2025-11-13","听筠","2025-11-13","2","",""
"168450","数据资产_STD(#23)","/版本迭代测试用例/v6.4.5/gate二期/【数据质量】支持立即生成当天实例(#9659)","【数据质量】支持立即生成当天实例(#15126)","验证编辑调度属性时选中「立即生成」后，实例在5分钟后生成","1.数据质量-规则任务配置页面已打开","1. 点击某一任务,
2. 点击编辑按钮,进入调度属性页面
3. 1.修改监控规则
2.点击下一步，进入调度属性页面
4. 选择实例生成方式为 立即生成，其余必填属性内容正确填写完毕
5. 点击保存按钮
6. 运行任务,查看任务执行情况和质量报告
7. 立即查看该规则生成实例状态
8. T+4分钟内再次查看实例生成状态
9. T+5分钟后再次查看实例生成状态","1. 抽屉展开该任务详情
2. 1.调度属性编辑页面正常打开
2.显示原有内容
3. 进入成功
4. 选择成功
5. 规则任务配置成功
6. 1.成功运行
2.校验结果符合预期
3.质量报告生成成功,内容正确
7. 未立即生成
8. 未生成
9. 成功生成配置的规则任务实例，显示生成时间为配置时间+5分钟","1. 
2. 
3. 
4. 
5. 
6. 
7. 
8. 
9. 未在规定时间内生成实例","","1","功能测试","功能测试阶段","正常","0","1","9","阻塞","听筠","2025-11-13","听筠","2025-11-13","2","",""
"168449","数据资产_STD(#23)","/版本迭代测试用例/v6.4.5/gate二期/【数据质量】支持立即生成当天实例(#9659)","【数据质量】支持立即生成当天实例(#15126)","验证「立即生成」提交后重登系统仍能正确执行","1.数据质量-规则任务配置-调度属性页面已打开","1. 1.选择立即生成，正确填写其余必填属性，
2.保存配置运行任务
2. 退出系统，重新登录
3. 运行任务T+5分钟后查看实例生成状态","1. 任务成功运行
2. 重登成功
3. 成功生成规则任务实例，显示生成时间为运行任务T+5分钟","1. 
2. 
3.","","2","功能测试","功能测试阶段","正常","0","0","3","","听筠","2025-11-13","听筠","2025-11-14","2","",""
"168448","数据资产_STD(#23)","/版本迭代测试用例/v6.4.5/gate二期/【数据质量】支持立即生成当天实例(#9659)","【数据质量】支持立即生成当天实例(#15126)","验证「立即生成」在当天无未来时间时的处理","1.当前时间为23:59,
2.已进入调度属性页面","1. 选择立即生成，正确填写其余必填属性，保存并执行任务
2. 等待5分钟，次日00：05查看实例生成状态","1. 任务执行成功
2. 成功生成规则任务实例，显示生成时间为00：04","1. 
2.","","2","功能测试","功能测试阶段","正常","0","0","2","","听筠","2025-11-13","","0000-00-00","1","",""
"168438","数据资产_STD(#23)","/版本迭代测试用例/v6.4.5/gate二期/【数据安全】用户等级和公共组件对接(#9658)","【数据安全】用户等级和公共组件对接（公共组件支持自定义用户等级）(#15124)","验证数据安全-级别管理-添加级别的开放用户等级提示内容修改","无","1. 点击进入数据安全-级别管理-添加级别页面
2. 鼠标移至开放用户等级右边“？”图标
3. 查看“xx”取值","1. 进入成功
2. 显示提示信息：设置后，归属于该级别的字段只开放给对应用户等级的用户查看，默认开放给最高级别的用户
（xx级别表示最高级别用户，xx级以下等级用户均无查看权限）
3. 取公共组件自定义的最高级别用户等级名称","1. 
2. 
3. 没有取最高级别对应的名称","","2","功能测试","功能测试阶段","正常","1","2","3","失败","听筠","2025-11-13","听筠","2025-11-17","2","",""
"168437","数据资产_STD(#23)","/版本迭代测试用例/v6.4.5/gate二期/【数据安全】自动分级规则支持基于数据库维度的配置(#9657)","【数据安全】自动分级规则支持基于数据库维度的配置(#15123)","验证数据库配置记录删除操作","1.数据安全-自动分级-编辑规则页面已打开
2.已存在一条数据库配置：数据源为X，数据库为Y，数据库过滤为test.*","1. 查看已存在的一条记录后方删除按钮
2. 点击新增按钮
3. 在数据源处选择A，数据库选择B，数据库过滤输入test.*
4. 选中数据源为A的记录，点击删除按钮","1. 置为灰色，不支持删除
2. 下方新出现一行选择框
3. 输入成功，查看删除按钮置为蓝色，支持删除
4. 该条记录成功删除，无需二次确认，删除按钮置为灰色","1. 
2. 
3. 
4.","","2","功能测试","功能测试阶段","正常","0","1","4","通过","听筠","2025-11-13","听筠","2025-11-14","1","",""
"168436","数据资产_STD(#23)","/版本迭代测试用例/v6.4.5/gate二期/【数据安全】自动分级规则支持基于数据库维度的配置(#9657)","【数据安全】自动分级规则支持基于数据库维度的配置(#15123)","验证数据库配置区域新增按钮功能，且数据源信息不可重复","1.数据安全-自动分级-编辑规则页面已打开
2.已存在一条数据库配置：数据源为X，数据库为Y，数据库过滤为test.*","1. 点击新增按钮
2. 在数据源处选择X","1. 下方新出现一行选择框
2. 提示数据源选择重复","1. 
2.","","2","功能测试","功能测试阶段","正常","0","1","2","通过","听筠","2025-11-13","听筠","2025-11-14","1","",""
"168435","数据资产_STD(#23)","/版本迭代测试用例/v6.4.5/gate二期/【数据安全】自动分级规则支持基于数据库维度的配置(#9657)","【数据安全】自动分级规则支持基于数据库维度的配置(#15123)","验证数据库过滤支持如“test.*”的正则表达","数据安全-自动分级-编辑规则页面已打开","1. 在数据库过滤输入框输入xxxx.*格式的正则
2. 其余内容已填写完毕，点击立即生效按钮
3. 查看该规则详情","1. 输入成功
2. 配置成功
3. 分级数据不显示正则过滤的xxxx数据库对应的数据","1. 
2. 
3.","","2","功能测试","功能测试阶段","正常","0","2","3","通过","听筠","2025-11-13","听筠","2025-11-17","2","",""
"168434","数据资产_STD(#23)","/版本迭代测试用例/v6.4.5/gate二期/【数据安全】自动分级规则支持基于数据库维度的配置(#9657)","【数据安全】自动分级规则支持基于数据库维度的配置(#15123)","验证配置多个数据库过滤功能，并以回车区分输入","数据安全-自动分级-编辑规则页面已打开","1. 在数据库过滤输入框输入多个库名
2. 其余内容已填写完毕，点击立即生效按钮
3. 查看该规则详情","1. 以回车方式成功输入多个
2. 配置成功
3. 分级数据处不显示进行过滤的数据库对应的数据","1. 
2. 
3.","","2","功能测试","功能测试阶段","正常","0","2","3","通过","听筠","2025-11-13","听筠","2025-11-17","2","",""
"168433","数据资产_STD(#23)","/版本迭代测试用例/v6.4.5/gate二期/【数据安全】自动分级规则支持基于数据库维度的配置(#9657)","【数据安全】自动分级规则支持基于数据库维度的配置(#15123)","验证数据源单选后，数据库支持多选","数据安全-自动分级-编辑规则页面已打开","1. 数据源单选其一项
2. 点击数据库选择多项
3. 点击数据库选择“全部”","1. 选择成功
2. 选择成功
3. 选择成功，其他项不可再选","1. 
2. 
3.","","2","功能测试","功能测试阶段","正常","0","1","3","通过","听筠","2025-11-13","听筠","2025-11-17","2","",""
"168432","数据资产_STD(#23)","/版本迭代测试用例/v6.4.5/gate二期/【数据安全】自动分级规则支持基于数据库维度的配置(#9657)","【数据安全】自动分级规则支持基于数据库维度的配置(#15123)","验证数据源单选一项时，数据库默认选择“全部”","数据安全-自动分级-编辑规则页面已打开","1. 数据源单选其一项
2. 查看数据库选择框","1. 选择成功
2. 默认选择‘全部’","1. 
2. 未默认“全部”","","2","功能测试","功能测试阶段","正常","1","1","2","失败","听筠","2025-11-13","","0000-00-00","1","",""
"168431","数据资产_STD(#23)","/版本迭代测试用例/v6.4.5/gate二期/【数据安全】自动分级规则支持基于数据库维度的配置(#9657)","【数据安全】自动分级规则支持基于数据库维度的配置(#15123)","验证数据源不支持多选","数据安全-自动分级-编辑规则页面已打开","1. 点击数据源单选其一项
2. 进行数据源多选","1. 选择成功
2. 不可多选","1. 
2.","","2","功能测试","功能测试阶段","正常","0","1","2","通过","听筠","2025-11-13","","0000-00-00","1","",""
"168430","数据资产_STD(#23)","/版本迭代测试用例/v6.4.5/gate二期/【数据安全】自动分级规则支持基于数据库维度的配置(#9657)","【数据安全】自动分级规则支持基于数据库维度的配置(#15123)","验证数据源选择“全部”时，数据库只能选择“全部”","数据安全-自动分级-编辑规则页面已打开","1. 数据源选择全部
2. 点击数据库进行选择","1. 选择成功
2. 下拉项只显示‘全部’","1. 
2.","","2","功能测试","功能测试阶段","正常","0","1","2","通过","听筠","2025-11-13","","0000-00-00","1","",""
"168429","数据资产_STD(#23)","/版本迭代测试用例/v6.4.5/gate二期/【数据安全】自动分级规则支持基于数据库维度的配置(#9657)","【数据安全】自动分级规则支持基于数据库维度的配置(#15123)","验证查看详情页面同步支持配置数据库维度","1.数据安全-自动分级页面已打开
2.已配置一条数据库维度：数据源为X，数据库为Y，数据库过滤为test.*","1. 点击页面已配置数据库维度的规则名
2. 查看详情信息
3. 查看规则信息
4. 查看分级数据
5. 点击右上角编辑规则按钮
6. 查看配置规则页面详情
7. 依次正确编辑数据源、数据库，输入数据库过滤名
8. 点击立即生效按钮","1. 显示该规则详情页
2. 规则详情成功修改
3. 新增显示数据源类型、数据源、数据库、数据库过滤对应的内容
4. 仅展示配置数据库维度后的对应数据
5. 弹出编辑弹窗
6. 数据源类型下方新增数据库配置区域；
包含数据源、数据库选择框，数据库过滤填写框，删除操作按钮，以及新增按钮；
并显示原有内容
7. 选择、输入成功
8. 1.成功配置数据库
2.规则详情成功修改，展示对应分级数据","1. 
2. 
3. 
4. 
5. 
6. 
7. 
8.","","2","功能测试","功能测试阶段","正常","0","2","8","通过","听筠","2025-11-13","听筠","2025-11-17","3","",""
"168428","数据资产_STD(#23)","/版本迭代测试用例/v6.4.5/gate二期/【数据安全】自动分级规则支持基于数据库维度的配置(#9657)","【数据安全】自动分级规则支持基于数据库维度的配置(#15123)","验证编辑页面同步支持配置数据库维度","1.数据安全-自动分级页面已打开
2.已配置一条数据库维度：数据源为X，数据库为Y，数据库过滤为test.*","1. 选中某条记录点击编辑按钮
2. 其余内容正确编辑完毕
3. 查看配置规则页面详情
4. 1.依次正确编辑数据源、数据库，输入数据库过滤名
2.其余内容正确编辑完毕
5. 点击立即生效按钮
6. 查看对应分级数据","1. 进入添加规则-基础信息页面
2. 规则详情成功修改
3. 1.数据源类型下方新增数据库配置区域；
2.包含数据源、数据库选择框，数据库过滤填写框，删除操作按钮，以及新增按钮；
3.并显示原有内容
4. 选择、输入成功
5. 1.成功配置数据库
2.规则详情成功修改
6. 展示正确的数据库维度对应的数据","1. 
2. 
3. 
4. 
5. 
6.","","1","功能测试","功能测试阶段","正常","1","2","6","失败","听筠","2025-11-13","听筠","2025-11-17","3","",""
"168427","数据资产_STD(#23)","/版本迭代测试用例/v6.4.5/gate二期/【数据安全】自动分级规则支持基于数据库维度的配置(#9657)","【数据安全】自动分级规则支持基于数据库维度的配置(#15123)","验证新增页面同步支持配置数据库维度","1.数据安全-自动分级页面已打开
2.已配置一条数据库维度：数据源为X，数据库为Y，数据库过滤为test.*","1. 点击页面添加按钮
2. 正确配置基础信息，点击下一步按钮
3. 查看配置规则页面详情
4. 查看配置区域的显示
5. 1.依次正确选择数据源、数据库，输入数据库过滤名
2.其余内容正确填写完毕
6. 点击立即生效按钮
7. 查看对应的分级数据","1. 进入添加规则-基础信息页面
2. 进入配置规则页面
3. 1.数据源类型下方新增数据库配置区域；
2.包含数据源、数据库选择框，数据库过滤填写框，删除操作按钮，以及新增按钮
4. 1.数据源选择框占位符：请选择数据源；
2.数据库选择框占位符：请选择数据库；
3.数据库过滤输入框占位符：请输入数据库名；
4.无内容时删除按钮默认置灰
5. 选择、输入成功
6. 成功配置数据库
7. 成功展示配置数据库维度后的对应数据","1. 
2. 
3. 
4. 
5. 
6. 
7.","","1","功能测试","功能测试阶段","正常","1","2","7","失败","听筠","2025-11-13","听筠","2025-11-17","3","",""
