用例编号,用例标题,所属模块,相关需求,前置条件,步骤,预期结果,优先级,用例类型
159387,验证Doris建表语句模式建表-客户SQL校验,/版本迭代测试用例/v7.0.2/【数据模型】支持Doris建表解析模式(#9255),【数据模型】支持doris建表解析(#14689),"CREATE TABLE `ods_gate_common_rebate_ref_code_df` (
`part_date` date NULL COMMENT &#039;分区字段 按日分区&#039;,
`id` bigint NULL COMMENT &#039;业务主键ID&#039;,
`ref_code` varchar(255) NULL COMMENT &#039;邀请码&#039;,
`uid` int NULL COMMENT &#039;用户uid&#039;,
`type` tinyint NULL COMMENT &#039;类型&#039;,
`updated_at` datetime(6) NULL COMMENT &#039;更新时间&#039;,
`created_at` datetime(6) NULL COMMENT &#039;创建时间&#039;,
`status` tinyint NULL COMMENT &#039;状态&#039;
) ENGINE=OLAP
UNIQUE KEY(`part_date`, `id`)
COMMENT &#039;用户邀请码表&#039;
PARTITION BY RANGE(`part_date`)
(PARTITION p20250624 VALUES [(&#039;2025-06-24&#039;), (&#039;2025-06-25&#039;)),
PARTITION p20250625 VALUES [(&#039;2025-06-25&#039;), (&#039;2025-06-26&#039;)),
PARTITION p20250626 VALUES [(&#039;2025-06-26&#039;), (&#039;2025-06-27&#039;)),
PARTITION p20250627 VALUES [(&#039;2025-06-27&#039;), (&#039;2025-06-28&#039;)),
PARTITION p20250628 VALUES [(&#039;2025-06-28&#039;), (&#039;2025-06-29&#039;)),
PARTITION p20250629 VALUES [(&#039;2025-06-29&#039;), (&#039;2025-06-30&#039;)),
PARTITION p20250630 VALUES [(&#039;2025-06-30&#039;), (&#039;2025-07-01&#039;)),
PARTITION p20250701 VALUES [(&#039;2025-07-01&#039;), (&#039;2025-07-02&#039;)),
PARTITION p20250702 VALUES [(&#039;2025-07-02&#039;), (&#039;2025-07-03&#039;)))
DISTRIBUTED BY HASH(`id`) BUCKETS 3
PROPERTIES (
“replication_allocation“ = “tag.location.default: 3“,
“min_load_replica_num“ = “-1“,
“is_being_synced“ = “false“,
“dynamic_partition.enable“ = “true“,
“dynamic_partition.time_unit“ = “DAY“,
“dynamic_partition.time_zone“ = “Etc/UTC“,
“dynamic_partition.start“ = “-7“,
“dynamic_partition.end“ = “1“,
“dynamic_partition.prefix“ = “p“,
“dynamic_partition.replication_allocation“ = “tag.location.default: 3“,
“dynamic_partition.buckets“ = “3“,
“dynamic_partition.create_history_partition“ = “false“,
“dynamic_partition.history_partition_num“ = “-1“,
“dynamic_partition.hot_partition_num“ = “0“,
“dynamic_partition.reserved_history_periods“ = “NULL“,
“dynamic_partition.storage_policy“ = “,
“storage_medium“ = “hdd“,
“storage_format“ = “V2“,
“inverted_index_storage_format“ = “V1“,
“enable_unique_key_merge_on_write“ = “true“,
“light_schema_change“ = “true“,
“disable_auto_compaction“ = “false“,
“enable_single_replica_compaction“ = “false“,
“group_commit_interval_ms“ = “10000“,
“group_commit_data_bytes“ = “134217728“,
“enable_mow_light_delete“ = “false“
);
CREATE TABLE `ods_gateio_social_mt_vote_user_hi` (
`id` int NULL COMMENT &#039;自增id&#039;,
`uid` varchar(255) NULL COMMENT &#039;用户id&#039;,
`mid` int NULL COMMENT &#039;帖子id&#039;,
`vid` int NULL COMMENT &#039;选项id&#039;,
`create_timest` datetime NULL COMMENT &#039;此条数据创建时间&#039;,
`this_create_time` datetime NULL DEFAULT CURRENT_TIMESTAMP COMMENT &#039;此条数据创建时间&#039;
) ENGINE=OLAP
UNIQUE KEY(`id`)
COMMENT &#039;用户投票表&#039;
DISTRIBUTED BY HASH(`id`) BUCKETS 4
PROPERTIES (
“replication_allocation“ = “tag.location.default: 3“,
“min_load_replica_num“ = “-1“,
“is_being_synced“ = “false“,
“storage_medium“ = “hdd“,
“storage_format“ = “V2“,
“inverted_index_storage_format“ = “V1“,
“enable_unique_key_merge_on_write“ = “true“,
“light_schema_change“ = “true“,
“disable_auto_compaction“ = “false“,
“enable_single_replica_compaction“ = “false“,
“group_commit_interval_ms“ = “10000“,
“group_commit_data_bytes“ = “134217728“,
“enable_mow_light_delete“ = “false“
);
CREATE TABLE `ods_strategybot_user_info_df` (
`part_date` date NULL COMMENT &#039;业务日期，分区日期&#039;,
`id` bigint NULL,
`user_id` int NOT NULL DEFAULT “0“,
`nickname` varchar(255) NOT NULL DEFAULT “,
`tier` tinyint NOT NULL,
`avatar` varchar(255) NOT NULL DEFAULT “,
`anonymous` varchar(255) NOT NULL,
`create_time` int NOT NULL,
`update_time` int NOT NULL,
`nick` varchar(256) NOT NULL DEFAULT “,
`nick_en` varchar(256) NOT NULL DEFAULT “,
`hide_name` varchar(256) NOT NULL DEFAULT “,
`verified` tinyint NOT NULL DEFAULT “0“,
`country_id` int NOT NULL DEFAULT “0“,
`risk_noticed` tinyint NOT NULL DEFAULT “0“
) ENGINE=OLAP
UNIQUE KEY(`part_date`, `id`, `user_id`)
COMMENT &#039;量化用户信息全量表&#039;
PARTITION BY RANGE(`part_date`)
(PARTITION p202301 VALUES [(&#039;2023-01-01&#039;), (&#039;2023-02-01&#039;)),
PARTITION p202302 VALUES [(&#039;2023-02-01&#039;), (&#039;2023-03-01&#039;)),
PARTITION p202303 VALUES [(&#039;2023-03-01&#039;), (&#039;2023-04-01&#039;)),
PARTITION p202304 VALUES [(&#039;2023-04-01&#039;), (&#039;2023-05-01&#039;)),
PARTITION p202305 VALUES [(&#039;2023-05-01&#039;), (&#039;2023-06-01&#039;)),
PARTITION p202306 VALUES [(&#039;2023-06-01&#039;), (&#039;2023-07-01&#039;)),
PARTITION p202307 VALUES [(&#039;2023-07-01&#039;), (&#039;2023-08-01&#039;)),
PARTITION p202308 VALUES [(&#039;2023-08-01&#039;), (&#039;2023-09-01&#039;)),
PARTITION p202309 VALUES [(&#039;2023-09-01&#039;), (&#039;2023-10-01&#039;)),
PARTITION p202310 VALUES [(&#039;2023-10-01&#039;), (&#039;2023-11-01&#039;)),
PARTITION p202311 VALUES [(&#039;2023-11-01&#039;), (&#039;2023-12-01&#039;)),
PARTITION p202312 VALUES [(&#039;2023-12-01&#039;), (&#039;2024-01-01&#039;)),
PARTITION p202401 VALUES [(&#039;2024-01-01&#039;), (&#039;2024-02-01&#039;)),
PARTITION p202402 VALUES [(&#039;2024-02-01&#039;), (&#039;2024-03-01&#039;)),
PARTITION p202403 VALUES [(&#039;2024-03-01&#039;), (&#039;2024-04-01&#039;)),
PARTITION p202404 VALUES [(&#039;2024-04-01&#039;), (&#039;2024-05-01&#039;)),
PARTITION p202405 VALUES [(&#039;2024-05-01&#039;), (&#039;2024-06-01&#039;)),
PARTITION p202406 VALUES [(&#039;2024-06-01&#039;), (&#039;2024-07-01&#039;)),
PARTITION p202407 VALUES [(&#039;2024-07-01&#039;), (&#039;2024-08-01&#039;)),
PARTITION p202408 VALUES [(&#039;2024-08-01&#039;), (&#039;2024-09-01&#039;)),
PARTITION p202409 VALUES [(&#039;2024-09-01&#039;), (&#039;2024-10-01&#039;)),
PARTITION p202410 VALUES [(&#039;2024-10-01&#039;), (&#039;2024-11-01&#039;)),
PARTITION p202411 VALUES [(&#039;2024-11-01&#039;), (&#039;2024-12-01&#039;)),
PARTITION p202412 VALUES [(&#039;2024-12-01&#039;), (&#039;2025-01-01&#039;)),
PARTITION p202501 VALUES [(&#039;2025-01-01&#039;), (&#039;2025-02-01&#039;)),
PARTITION p202502 VALUES [(&#039;2025-02-01&#039;), (&#039;2025-03-01&#039;)),
PARTITION p202503 VALUES [(&#039;2025-03-01&#039;), (&#039;2025-04-01&#039;)),
PARTITION p202504 VALUES [(&#039;2025-04-01&#039;), (&#039;2025-05-01&#039;)),
PARTITION p202505 VALUES [(&#039;2025-05-01&#039;), (&#039;2025-06-01&#039;)),
PARTITION p202506 VALUES [(&#039;2025-06-01&#039;), (&#039;2025-07-01&#039;)),
PARTITION p202507 VALUES [(&#039;2025-07-01&#039;), (&#039;2025-08-01&#039;)),
PARTITION p202508 VALUES [(&#039;2025-08-01&#039;), (&#039;2025-09-01&#039;)),
PARTITION p202509 VALUES [(&#039;2025-09-01&#039;), (&#039;2025-10-01&#039;)),
PARTITION p202510 VALUES [(&#039;2025-10-01&#039;), (&#039;2025-11-01&#039;)))
DISTRIBUTED BY HASH(`part_date`) BUCKETS 8
PROPERTIES (
“replication_allocation“ = “tag.location.default: 3“,
“min_load_replica_num“ = “-1“,
“is_being_synced“ = “false“,
“dynamic_partition.enable“ = “true“,
“dynamic_partition.time_unit“ = “MONTH“,
“dynamic_partition.time_zone“ = “UTC“,
“dynamic_partition.start“ = “-36“,
“dynamic_partition.end“ = “3“,
“dynamic_partition.prefix“ = “p“,
“dynamic_partition.replication_allocation“ = “tag.location.default: 3“,
“dynamic_partition.buckets“ = “8“,
“dynamic_partition.create_history_partition“ = “false“,
“dynamic_partition.history_partition_num“ = “-1“,
“dynamic_partition.hot_partition_num“ = “0“,
“dynamic_partition.reserved_history_periods“ = “NULL“,
“dynamic_partition.storage_policy“ = “,
“dynamic_partition.start_day_of_month“ = “1“,
“storage_medium“ = “hdd“,
“storage_format“ = “V2“,
“inverted_index_storage_format“ = “V1“,
“enable_unique_key_merge_on_write“ = “false“,
“light_schema_change“ = “true“,
“function_column.sequence_col“ = “part_date“,
“disable_auto_compaction“ = “false“,
“enable_single_replica_compaction“ = “false“,
“group_commit_interval_ms“ = “10000“,
“group_commit_data_bytes“ = “134217728“
);
CREATE TABLE `ods_rebate_social_transaction_record_hi` (
`id` bigint NOT NULL COMMENT &#039;主键id&#039;,
`type` varchar(255) NULL COMMENT &#039;类型&#039;,
`time` datetime NULL COMMENT &#039;时间&#039;,
`order_id` bigint NULL COMMENT &#039;订单id&#039;,
`trade_id` bigint NULL COMMENT &#039;交易id&#039;,
`user_id` bigint NULL COMMENT &#039;用户id&#039;,
`market` varchar(65533) NULL COMMENT &#039;market&#039;,
`role` smallint NULL COMMENT &#039;角色&#039;,
`deal_price` decimal(38,10) NULL COMMENT &#039;deal_price&#039;,
`fee` decimal(38,10) NULL COMMENT &#039;fee&#039;,
`deal_fee` decimal(38,10) NULL COMMENT &#039;deal_fee&#039;,
`status` smallint NULL COMMENT &#039;状态&#039;,
`reconciliation_status` smallint NULL COMMENT &#039;对账状态&#039;,
`remark` varchar(255) NULL COMMENT &#039;评述&#039;,
`rebate_total` decimal(38,10) NULL COMMENT &#039;返利&#039;,
`amount` decimal(38,10) NULL COMMENT &#039;amount&#039;,
`asset` varchar(255) NULL COMMENT &#039;资产&#039;,
`ref_uid` bigint NULL COMMENT &#039;返佣_uid&#039;,
`rebate_link_info` json NULL COMMENT &#039;返利信息&#039;,
`point_fee` decimal(38,10) NULL COMMENT &#039;点卡fee&#039;,
`deal_point_fee` decimal(38,10) NULL COMMENT &#039;交易点卡fee&#039;,
`gt_fee` decimal(38,10) NULL COMMENT &#039;gt_fee&#039;,
`deal_gt_fee` decimal(38,10) NULL COMMENT &#039;交易gt_fee&#039;,
`price` decimal(38,10) NULL COMMENT &#039;价格&#039;,
`rebate_total_u` decimal(38,10) NULL COMMENT &#039;返利&#039;,
`transfer_info` json NULL COMMENT &#039;转移信息&#039;,
`channel_id` varchar(255) NULL COMMENT &#039;渠道id&#039;,
`fee_u` decimal(38,10) NULL COMMENT &#039;fee_u&#039;,
`deal_fee_u` decimal(38,10) NULL COMMENT &#039;deal_fee_u&#039;,
`action_id` bigint NULL COMMENT &#039;行为id&#039;,
`deal_price_u` decimal(38,10) NULL COMMENT &#039;交易价格&#039;,
`total_fee_u` decimal(38,10) NULL COMMENT &#039;total_fee_u&#039;,
`created_at` datetime NULL COMMENT &#039;创建时间&#039;,
`updated_at` datetime NULL COMMENT &#039;更新时间&#039;,
`this_create_time` datetime NULL DEFAULT CURRENT_TIMESTAMP COMMENT &#039;此条数据创建时间&#039;
) ENGINE=OLAP
UNIQUE KEY(`id`)
COMMENT &#039;社交返利交易记录&#039;
DISTRIBUTED BY HASH(`id`) BUCKETS 4
PROPERTIES (
“replication_allocation“ = “tag.location.default: 3“,
“min_load_replica_num“ = “-1“,
“is_being_synced“ = “false“,
“storage_medium“ = “hdd“,
“storage_format“ = “V2“,
“inverted_index_storage_format“ = “V1“,
“enable_unique_key_merge_on_write“ = “true“,
“light_schema_change“ = “true“,
“disable_auto_compaction“ = “false“,
“enable_single_replica_compaction“ = “false“,
“group_commit_interval_ms“ = “10000“,
“group_commit_data_bytes“ = “134217728“,
“enable_mow_light_delete“ = “false“
);
CREATE TABLE `ods_memebox_asset_info_10mf` (
`part_time` datetime NULL COMMENT &#039;分区&#039;,
`web3_chain_name` varchar(255) NULL COMMENT &#039;web3链名，v2/chain/list的chain&#039;,
`contract_addr` varchar(255) NULL COMMENT &#039;合约地址&#039;,
`blue_chip_index` text NULL COMMENT &#039;蓝筹指数&#039;,
`brief_c` text NULL COMMENT &#039;中文简介&#039;,
`brief_en` text NULL COMMENT &#039;英文简介&#039;,
`brief_tw` text NULL COMMENT &#039;繁体简介&#039;,
`chain_icon` text NULL COMMENT &#039;链图标&#039;,
`cir_rate` text NULL COMMENT &#039;流通率，市值/全流通市值&#039;,
`cir_supply` text NULL COMMENT &#039;流通供应量&#039;,
`coin_num_accu` int NULL COMMENT &#039;币种数量精度&#039;,
`coin_price_accu` int NULL COMMENT &#039;币种价格精度&#039;,
`coin_short_name` text NULL COMMENT &#039;币种简称&#039;,
`data_status` int NULL COMMENT &#039;数据状态，1：正常交易，2：暂停交易，3：下架&#039;,
`full_cir_market_value` text NULL COMMENT &#039;全流通市值&#039;,
`holding_addr_num` text NULL COMMENT &#039;持有地址数量&#039;,
`inno_chain_name` text NULL COMMENT &#039;创新交易链名,get-coinbd-all-chain的gate_chain&#039;,
`insider_trading` text NULL COMMENT &#039;内幕交易&#039;,
`logo_url` text NULL COMMENT &#039;币种logo&#039;,
`logo_url_hd` text NULL COMMENT &#039;高清币种logo&#039;,
`market_rank` text NULL COMMENT &#039;市值&#039;,
`market_value` text NULL COMMENT &#039;市值&#039;,
`meme_chain_name` text NULL COMMENT &#039;memebox的链名&#039;,
`memebox_id` text NULL COMMENT &#039;Memebox的ID&#039;,
`official_addr` text NULL COMMENT &#039;官网地址&#039;,
`pair` text NULL COMMENT &#039;池子地址&#039;,
`publish_date` text NULL COMMENT &#039;发布时间&#039;,
`smart_money_num` text NULL COMMENT &#039;聪明钱数量&#039;,
`telegram` text NULL COMMENT &#039;电报&#039;,
`telegram_group_members` text NULL COMMENT &#039;Telegram 群组成员数量&#039;,
`top_10` text NULL COMMENT &#039;前 10&#039;,
`total_supply` text NULL COMMENT &#039;总供应量&#039;,
`trading_symbols` text NULL COMMENT &#039;交易符号&#039;,
`web3_key` text NULL COMMENT &#039;web3 key， v2/chain/list的web3_key&#039;,
`x_addr` text NULL COMMENT &#039;Twitter(X)地址&#039;,
`x_followers` text NULL COMMENT &#039;X 关注者数量&#039;
) ENGINE=OLAP
UNIQUE KEY(`part_time`, `web3_chain_name`, `contract_addr`)
COMMENT &#039;ods-memebox币种信息配置表&#039;
PARTITION BY RANGE(`part_time`)
(PARTITION p202503 VALUES [(&#039;2025-03-01 00:00:00&#039;), (&#039;2025-04-01 00:00:00&#039;)),
PARTITION p202504 VALUES [(&#039;2025-04-01 00:00:00&#039;), (&#039;2025-05-01 00:00:00&#039;)),
PARTITION p202505 VALUES [(&#039;2025-05-01 00:00:00&#039;), (&#039;2025-06-01 00:00:00&#039;)),
PARTITION p202506 VALUES [(&#039;2025-06-01 00:00:00&#039;), (&#039;2025-07-01 00:00:00&#039;)),
PARTITION p202507 VALUES [(&#039;2025-07-01 00:00:00&#039;), (&#039;2025-08-01 00:00:00&#039;)),
PARTITION p202508 VALUES [(&#039;2025-08-01 00:00:00&#039;), (&#039;2025-09-01 00:00:00&#039;)),
PARTITION p202509 VALUES [(&#039;2025-09-01 00:00:00&#039;), (&#039;2025-10-01 00:00:00&#039;)),
PARTITION p202510 VALUES [(&#039;2025-10-01 00:00:00&#039;), (&#039;2025-11-01 00:00:00&#039;)))
DISTRIBUTED BY HASH(`web3_chain_name`, `contract_addr`) BUCKETS 3
PROPERTIES (
“replication_allocation“ = “tag.location.default: 3“,
“min_load_replica_num“ = “-1“,
“is_being_synced“ = “false“,
“dynamic_partition.enable“ = “true“,
“dynamic_partition.time_unit“ = “MONTH“,
“dynamic_partition.time_zone“ = “Etc/UTC“,
“dynamic_partition.start“ = “-2147483648“,
“dynamic_partition.end“ = “3“,
“dynamic_partition.prefix“ = “p“,
“dynamic_partition.replication_allocation“ = “tag.location.default: 3“,
“dynamic_partition.buckets“ = “3“,
“dynamic_partition.create_history_partition“ = “false“,
“dynamic_partition.history_partition_num“ = “-1“,
“dynamic_partition.hot_partition_num“ = “0“,
“dynamic_partition.reserved_history_periods“ = “NULL“,
“dynamic_partition.storage_policy“ = “,
“dynamic_partition.start_day_of_month“ = “1“,
“storage_medium“ = “hdd“,
“storage_format“ = “V2“,
“inverted_index_storage_format“ = “V1“,
“enable_unique_key_merge_on_write“ = “true“,
“light_schema_change“ = “true“,
“disable_auto_compaction“ = “false“,
“enable_single_replica_compaction“ = “false“,
“group_commit_interval_ms“ = “10000“,
“group_commit_data_bytes“ = “134217728“,
“enable_mow_light_delete“ = “false“
);
CREATE TABLE `ods_launchpool_launchpool_reward_logs_backup_hi` (
`id` int NULL COMMENT &#039;自增ID&#039;,
`uid` int NULL COMMENT &#039;用户ID&#039;,
`part_hour` datetime NULL COMMENT &#039;分区&#039;,
`pid` int NULL COMMENT &#039;产品ID&#039;,
`reward_pool_id` int NULL COMMENT &#039;奖池ID&#039;,
`coin` varchar(255) NULL COMMENT &#039;币种&#039;,
`amount` decimal(30,10) NULL COMMENT &#039;奖励金额&#039;,
`valid_mortgage_amount` decimal(30,10) NULL COMMENT &#039;有效质押数&#039;,
`mortgage_coin` varchar(50) NULL COMMENT &#039;抵押币种名称&#039;,
`create_timest` datetime NULL COMMENT &#039;创建时间&#039;,
`update_timest` datetime NULL COMMENT &#039;更新时间&#039;,
`reward_timest` datetime NULL COMMENT &#039;奖励日期&#039;,
`status` tinyint NULL COMMENT &#039;状态 0待发 1成功 2失败&#039;,
`ext` varchar(255) NULL COMMENT &#039;扩展字段&#039;,
`related_coin` varchar(255) NULL COMMENT &#039;关联币种&#039;,
`related_coin_valid_amount` decimal(30,10) NULL COMMENT &#039;关联币种有效质押数&#039;
) ENGINE=OLAP
UNIQUE KEY(`id`, `uid`, `part_hour`)
COMMENT &#039;新币挖矿奖励流水记录&#039;
PARTITION BY RANGE(`part_hour`)
(PARTITION p202405 VALUES [(&#039;2024-05-01 00:00:00&#039;), (&#039;2024-06-01 00:00:00&#039;)),
PARTITION p202406 VALUES [(&#039;2024-06-01 00:00:00&#039;), (&#039;2024-07-01 00:00:00&#039;)),
PARTITION p202407 VALUES [(&#039;2024-07-01 00:00:00&#039;), (&#039;2024-08-01 00:00:00&#039;)),
PARTITION p202408 VALUES [(&#039;2024-08-01 00:00:00&#039;), (&#039;2024-09-01 00:00:00&#039;)),
PARTITION p202409 VALUES [(&#039;2024-09-01 00:00:00&#039;), (&#039;2024-10-01 00:00:00&#039;)),
PARTITION p202410 VALUES [(&#039;2024-10-01 00:00:00&#039;), (&#039;2024-11-01 00:00:00&#039;)),
PARTITION p202411 VALUES [(&#039;2024-11-01 00:00:00&#039;), (&#039;2024-12-01 00:00:00&#039;)),
PARTITION p202412 VALUES [(&#039;2024-12-01 00:00:00&#039;), (&#039;2025-01-01 00:00:00&#039;)),
PARTITION p202501 VALUES [(&#039;2025-01-01 00:00:00&#039;), (&#039;2025-02-01 00:00:00&#039;)),
PARTITION p202502 VALUES [(&#039;2025-02-01 00:00:00&#039;), (&#039;2025-03-01 00:00:00&#039;)),
PARTITION p202503 VALUES [(&#039;2025-03-01 00:00:00&#039;), (&#039;2025-04-01 00:00:00&#039;)),
PARTITION p202504 VALUES [(&#039;2025-04-01 00:00:00&#039;), (&#039;2025-05-01 00:00:00&#039;)),
PARTITION p202505 VALUES [(&#039;2025-05-01 00:00:00&#039;), (&#039;2025-06-01 00:00:00&#039;)),
PARTITION p202506 VALUES [(&#039;2025-06-01 00:00:00&#039;), (&#039;2025-07-01 00:00:00&#039;)),
PARTITION p202507 VALUES [(&#039;2025-07-01 00:00:00&#039;), (&#039;2025-08-01 00:00:00&#039;)),
PARTITION p202508 VALUES [(&#039;2025-08-01 00:00:00&#039;), (&#039;2025-09-01 00:00:00&#039;)),
PARTITION p202509 VALUES [(&#039;2025-09-01 00:00:00&#039;), (&#039;2025-10-01 00:00:00&#039;)),
PARTITION p202510 VALUES [(&#039;2025-10-01 00:00:00&#039;), (&#039;2025-11-01 00:00:00&#039;)),
PARTITION p202511 VALUES [(&#039;2025-11-01 00:00:00&#039;), (&#039;2025-12-01 00:00:00&#039;)),
PARTITION p202512 VALUES [(&#039;2025-12-01 00:00:00&#039;), (&#039;2026-01-01 00:00:00&#039;)))
DISTRIBUTED BY HASH(`part_hour`) BUCKETS 3
PROPERTIES (
“replication_allocation“ = “tag.location.default: 3“,
“min_load_replica_num“ = “-1“,
“is_being_synced“ = “false“,
“dynamic_partition.enable“ = “true“,
“dynamic_partition.time_unit“ = “MONTH“,
“dynamic_partition.time_zone“ = “Etc/UTC“,
“dynamic_partition.start“ = “-2147483648“,
“dynamic_partition.end“ = “1“,
“dynamic_partition.prefix“ = “p“,
“dynamic_partition.replication_allocation“ = “tag.location.default: 3“,
“dynamic_partition.buckets“ = “3“,
“dynamic_partition.create_history_partition“ = “false“,
“dynamic_partition.history_partition_num“ = “-1“,
“dynamic_partition.hot_partition_num“ = “0“,
“dynamic_partition.reserved_history_periods“ = “NULL“,
“dynamic_partition.storage_policy“ = “,
“dynamic_partition.start_day_of_month“ = “1“,
“storage_medium“ = “hdd“,
“storage_format“ = “V2“,
“inverted_index_storage_format“ = “V1“,
“enable_unique_key_merge_on_write“ = “false“,
“light_schema_change“ = “true“,
“disable_auto_compaction“ = “false“,
“enable_single_replica_compaction“ = “false“,
“group_commit_interval_ms“ = “10000“,
“group_commit_data_bytes“ = “134217728“
);
CREATE TABLE `tmp_thomas_0701` (
`source_db_name` varchar(255) NULL,
`source_table_name` varchar(255) NULL,
`source_column_name` varchar(255) NULL,
`result_db_name` varchar(255) NULL,
`result_table_name` varchar(255) NULL,
`result_column_name` varchar(255) NULL,
`create_time` varchar(255) NULL,
`modified_time` varchar(255) NULL,
`is_delete` tinyint NULL
) ENGINE=OLAP
DUPLICATE KEY(`source_db_name`)
DISTRIBUTED BY HASH(`source_db_name`) BUCKETS 10
PROPERTIES (
“replication_allocation“ = “tag.location.default: 3“,
“min_load_replica_num“ = “-1“,
“is_being_synced“ = “false“,
“storage_medium“ = “hdd“,
“storage_format“ = “V2“,
“inverted_index_storage_format“ = “V1“,
“light_schema_change“ = “true“,
“disable_auto_compaction“ = “false“,
“enable_single_replica_compaction“ = “false“,
“group_commit_interval_ms“ = “10000“,
“group_commit_data_bytes“ = “134217728“
);
CREATE TABLE `hanlin_kafka_int_test` (
`c1` int NULL
) ENGINE=OLAP
DUPLICATE KEY(`c1`)
DISTRIBUTED BY RANDOM BUCKETS AUTO
PROPERTIES (
“replication_allocation“ = “tag.location.default: 3“,
“min_load_replica_num“ = “-1“,
“is_being_synced“ = “false“,
“storage_medium“ = “hdd“,
“storage_format“ = “V2“,
“inverted_index_storage_format“ = “V1“,
“light_schema_change“ = “true“,
“disable_auto_compaction“ = “false“,
“enable_single_replica_compaction“ = “false“,
“group_commit_interval_ms“ = “10000“,
“group_commit_data_bytes“ = “134217728“
);
CREATE TABLE `dwd_meta_lineage_column_full` (
`source_db_name` varchar(255) NULL,
`source_table_name` varchar(255) NULL,
`source_column_name` varchar(255) NULL,
`result_db_name` varchar(255) NULL,
`result_table_name` varchar(255) NULL,
`result_column_name` varchar(255) NULL,
`create_time` varchar(255) NULL,
`modified_time` varchar(255) NULL,
`is_delete` tinyint NULL
) ENGINE=OLAP
DUPLICATE KEY(`source_db_name`)
DISTRIBUTED BY HASH(`source_db_name`) BUCKETS 10
PROPERTIES (
“replication_allocation“ = “tag.location.default: 3“,
“min_load_replica_num“ = “-1“,
“is_being_synced“ = “false“,
“storage_medium“ = “hdd“,
“storage_format“ = “V2“,
“inverted_index_storage_format“ = “V1“,
“light_schema_change“ = “true“,
“disable_auto_compaction“ = “false“,
“enable_single_replica_compaction“ = “false“,
“group_commit_interval_ms“ = “10000“,
“group_commit_data_bytes“ = “134217728“
);
CREATE TABLE `ods_gatelive_video_stats_hi` (
`pk_id` int NOT NULL COMMENT &#039;主键ID&#039;,
`stream_id` varchar(255) NULL COMMENT &#039;直播ID&#039;,
`timestamp` int NULL COMMENT &#039;生成时间戳&#039;,
`online_users` int NULL COMMENT &#039;在线用户数&#039;,
`likes` int NULL COMMENT &#039;点赞数量&#039;,
`max_online_users` int NULL COMMENT &#039;最大在线人数&#039;,
`this_create_time` datetime NULL DEFAULT CURRENT_TIMESTAMP COMMENT &#039;此条数据创建时间&#039;
) ENGINE=OLAP
UNIQUE KEY(`pk_id`)
COMMENT &#039;video_stats表&#039;
DISTRIBUTED BY HASH(`pk_id`) BUCKETS 4
PROPERTIES (
“replication_allocation“ = “tag.location.default: 3“,
“min_load_replica_num“ = “-1“,
“is_being_synced“ = “false“,
“storage_medium“ = “hdd“,
“storage_format“ = “V2“,
“inverted_index_storage_format“ = “V1“,
“enable_unique_key_merge_on_write“ = “true“,
“light_schema_change“ = “true“,
“disable_auto_compaction“ = “false“,
“enable_single_replica_compaction“ = “false“,
“group_commit_interval_ms“ = “10000“,
“group_commit_data_bytes“ = “134217728“,
“enable_mow_light_delete“ = “false“
);
CREATE TABLE `ods_gatelive_video_hf` (
`pk_id` int NULL COMMENT &#039;主键ID&#039;,
`id` varchar(255) NULL COMMENT &#039;视频ID&#039;,
`stream_id` varchar(255) NULL COMMENT &#039;直播ID，该视频关联的直播活动 ID，只有直播回放视频该字段有值&#039;,
`started_at` datetime NULL COMMENT &#039;录播开始时间，只有直播回放视频该字段有值&#039;,
`ended_at` datetime NULL COMMENT &#039;录播结束时间，只有直播回放视频该字段有值&#039;,
`created_at` datetime NULL COMMENT &#039;视频创建时间&#039;,
`status` varchar(255) NULL COMMENT &#039;视频状态&#039;,
`duration` int NULL COMMENT &#039;视频时长，单位为 s&#039;,
`title` varchar(765) NULL COMMENT &#039;视频标题&#039;,
`cover` varchar(765) NULL COMMENT &#039;封面图片地址&#039;,
`watched` int NULL COMMENT &#039;视频观看次数&#039;,
`creator` varchar(255) NULL COMMENT &#039;主播ID&#039;,
`pull_domain` varchar(255) NULL COMMENT &#039;拉流域名地址&#039;,
`require_sub` tinyint NULL COMMENT &#039;require_sub&#039;,
`region_id` varchar(255) NULL COMMENT &#039;区域名称&#039;,
`weight` int NULL COMMENT &#039;权重&#039;,
`session_id` varchar(765) NULL COMMENT &#039;同stream表session_id&#039;,
`notes` text NULL COMMENT &#039;录播简介&#039;,
`file_id` varchar(765) NULL COMMENT &#039;文件ID&#039;,
`im_sync_status` tinyint NULL COMMENT &#039;1-标记该视频已经更新&#039;,
`this_create_time` datetime NULL DEFAULT CURRENT_TIMESTAMP COMMENT &#039;此条数据创建时间&#039;
) ENGINE=OLAP
UNIQUE KEY(`pk_id`)
COMMENT &#039;录播（回放）表&#039;
DISTRIBUTED BY HASH(`pk_id`) BUCKETS 4
PROPERTIES (
“replication_allocation“ = “tag.location.default: 3“,
“min_load_replica_num“ = “-1“,
“is_being_synced“ = “false“,
“storage_medium“ = “hdd“,
“storage_format“ = “V2“,
“inverted_index_storage_format“ = “V1“,
“enable_unique_key_merge_on_write“ = “true“,
“light_schema_change“ = “true“,
“disable_auto_compaction“ = “false“,
“enable_single_replica_compaction“ = “false“,
“group_commit_interval_ms“ = “10000“,
“group_commit_data_bytes“ = “134217728“,
“enable_mow_light_delete“ = “false“
);
CREATE TABLE `ods_gatelive_stream_hi` (
`pk_id` int NOT NULL COMMENT &#039;主键ID&#039;,
`id` varchar(255) NULL COMMENT &#039;id&#039;,
`name` varchar(255) NULL COMMENT &#039;名称&#039;,
`app` varchar(255) NULL COMMENT &#039;app&#039;,
`stream` varchar(255) NULL COMMENT &#039;直播&#039;,
`deleted` tinyint NULL COMMENT &#039;是否删除&#039;,
`status` tinyint NULL COMMENT &#039;0: idle, 1: streaming, 2: closed&#039;,
`domain_id` varchar(255) NULL COMMENT &#039;domain_id&#039;,
`host_id` varchar(255) NULL COMMENT &#039;主播id&#039;,
`chatroom_id` varchar(255) NULL COMMENT &#039;chatroom_id&#039;,
`chat_group_id` varchar(255) NULL COMMENT &#039;chat_group_id&#039;,
`cover` varchar(765) NULL COMMENT &#039;cover&#039;,
`placeholder` varchar(765) NULL COMMENT &#039;placeholder&#039;,
`created_at` datetime NULL COMMENT &#039;创建时间&#039;,
`updated_at` datetime NULL COMMENT &#039;更新时间&#039;,
`started_at` bigint NULL COMMENT &#039;开始时间&#039;,
`last` int NULL COMMENT &#039;last&#039;,
`notes` text NULL COMMENT &#039;notes&#039;,
`stat` text NULL COMMENT &#039;stat&#039;,
`notified` tinyint NULL COMMENT &#039;notified&#039;,
`broadcast` tinyint NULL COMMENT &#039;broadcast&#039;,
`push_domain` varchar(765) NULL COMMENT &#039;push_domain&#039;,
`has_vod` tinyint NULL COMMENT &#039;has_vod&#039;,
`region_id` varchar(255) NULL COMMENT &#039;region_id&#039;,
`horizontal` tinyint NULL COMMENT &#039;horizontal&#039;,
`can_invite` tinyint NULL COMMENT &#039;can_invite&#039;,
`tags` varchar(765) NULL COMMENT &#039;标签&#039;,
`require_sub` tinyint NULL COMMENT &#039;require_sub&#039;,
`weight` int NULL COMMENT &#039;权重&#039;,
`session_id` varchar(765) NULL COMMENT &#039;session_id&#039;,
`origin` tinyint NULL COMMENT &#039;1 阿里 2 腾讯&#039;,
`yt_channel_id` varchar(255) NULL COMMENT &#039;yt_channel_id&#039;,
`this_create_time` datetime NULL DEFAULT CURRENT_TIMESTAMP COMMENT &#039;此条数据创建时间&#039;
) ENGINE=OLAP
UNIQUE KEY(`pk_id`)
COMMENT &#039;主播表&#039;
DISTRIBUTED BY HASH(`pk_id`) BUCKETS 4
PROPERTIES (
“replication_allocation“ = “tag.location.default: 3“,
“min_load_replica_num“ = “-1“,
“is_being_synced“ = “false“,
“storage_medium“ = “hdd“,
“storage_format“ = “V2“,
“inverted_index_storage_format“ = “V1“,
“enable_unique_key_merge_on_write“ = “true“,
“light_schema_change“ = “true“,
“disable_auto_compaction“ = “false“,
“enable_single_replica_compaction“ = “false“,
“group_commit_interval_ms“ = “10000“,
“group_commit_data_bytes“ = “134217728“,
“enable_mow_light_delete“ = “false“
);
CREATE TABLE `ods_gatelive_space_record_hi` (
`pk_id` int NOT NULL COMMENT &#039;主键ID&#039;,
`stream_id` varchar(255) NULL COMMENT &#039;直播ID&#039;,
`session_id` varchar(255) NULL COMMENT &#039;场次ID&#039;,
`name` varchar(255) NULL COMMENT &#039;主题&#039;,
`record_status` tinyint NULL COMMENT &#039;状态 0 - 未录制完成 1 - 录制完成&#039;,
`host_id` varchar(255) NULL COMMENT &#039;主播ID&#039;,
`language` varchar(32) NULL COMMENT &#039;语言&#039;,
`post_id` int NULL COMMENT &#039;动态发帖ID&#039;,
`url` varchar(255) NULL COMMENT &#039;语音播放地址&#039;,
`status` int NULL COMMENT &#039;状态&#039;,
`duration` int NULL COMMENT &#039;语音时长 单位S&#039;,
`operator_uid` varchar(255) NULL COMMENT &#039;操作者uid&#039;,
`operator_at` int NULL COMMENT &#039;操作&#039;,
`start_at` int NULL COMMENT &#039;语音直播开始时间&#039;,
`end_at` int NULL COMMENT &#039;语音直播结束时间&#039;,
`created_at` datetime NULL COMMENT &#039;记录创建时间&#039;,
`updated_at` datetime NULL COMMENT &#039;记录跟新时间&#039;,
`this_create_time` datetime NULL DEFAULT CURRENT_TIMESTAMP COMMENT &#039;此条数据创建时间&#039;
) ENGINE=OLAP
UNIQUE KEY(`pk_id`)
COMMENT &#039;space开播表&#039;
DISTRIBUTED BY HASH(`pk_id`) BUCKETS 4
PROPERTIES (
“replication_allocation“ = “tag.location.default: 3“,
“min_load_replica_num“ = “-1“,
“is_being_synced“ = “false“,
“storage_medium“ = “hdd“,
“storage_format“ = “V2“,
“inverted_index_storage_format“ = “V1“,
“enable_unique_key_merge_on_write“ = “true“,
“light_schema_change“ = “true“,
“disable_auto_compaction“ = “false“,
“enable_single_replica_compaction“ = “false“,
“group_commit_interval_ms“ = “10000“,
“group_commit_data_bytes“ = “134217728“,
“enable_mow_light_delete“ = “false“
);
CREATE TABLE `ods_gatelive_space_host_hi` (
`pk_id` int NULL COMMENT &#039;主建id&#039;,
`user_id` bigint NULL COMMENT &#039;用户id&#039;,
`first_at` bigint NULL COMMENT &#039;首次开播时间（单位毫秒)&#039;,
`last_at` bigint NULL COMMENT &#039;最近一次开播时间（单位毫秒)&#039;,
`cnt` int NULL COMMENT &#039;开播次数&#039;,
`created_at` datetime NULL COMMENT &#039;创建时间&#039;,
`updated_at` datetime NULL COMMENT &#039;更新时间&#039;,
`this_create_time` datetime NULL DEFAULT CURRENT_TIMESTAMP COMMENT &#039;此条数据创建时间&#039;
) ENGINE=OLAP
UNIQUE KEY(`pk_id`)
COMMENT &#039;space主播表&#039;
DISTRIBUTED BY HASH(`pk_id`) BUCKETS 4
PROPERTIES (
“replication_allocation“ = “tag.location.default: 3“,
“min_load_replica_num“ = “-1“,
“is_being_synced“ = “false“,
“storage_medium“ = “hdd“,
“storage_format“ = “V2“,
“inverted_index_storage_format“ = “V1“,
“enable_unique_key_merge_on_write“ = “true“,
“light_schema_change“ = “true“,
“disable_auto_compaction“ = “false“,
“enable_single_replica_compaction“ = “false“,
“group_commit_interval_ms“ = “10000“,
“group_commit_data_bytes“ = “134217728“,
“enable_mow_light_delete“ = “false“
);
CREATE TABLE `ods_gatelive_host_hi` (
`pk_id` int NOT NULL COMMENT &#039;主键ID&#039;,
`id` varchar(255) NULL COMMENT &#039;主播ID&#039;,
`name` varchar(255) NULL COMMENT &#039;主播名称&#039;,
`avatar` varchar(765) NULL COMMENT &#039;头像地址&#039;,
`description` text NULL COMMENT &#039;主播描述&#039;,
`deleted` tinyint NULL COMMENT &#039;是否删除 0-未删除 1-已删除&#039;,
`created_at` datetime NULL COMMENT &#039;创建时间&#039;,
`updated_at` datetime NULL COMMENT &#039;更新时间&#039;,
`tips` text NULL COMMENT &#039;主播相关提示信息，按默认语种为中文来处理&#039;,
`tags` varchar(765) NULL COMMENT &#039;主播标签&#039;,
`language` varchar(255) NULL COMMENT &#039;主播语言&#039;,
`contact` varchar(255) NULL COMMENT &#039;主播联系方式&#039;,
`reason` text NULL COMMENT &#039;申请理由&#039;,
`weight` int NULL COMMENT &#039;权重&#039;,
`fans` int NULL COMMENT &#039;粉丝总量&#039;,
`contact_type` varchar(255) NULL COMMENT &#039;主播联系方式类型&#039;,
`name_en` varchar(255) NULL COMMENT &#039;主播英文名&#039;,
`tier_timest` int NULL COMMENT &#039;vip等级到期时间&#039;,
`tier` int NULL COMMENT &#039;vip等级&#039;,
`login_name` varchar(255) NULL COMMENT &#039;登录时间&#039;,
`first_time` datetime NULL COMMENT &#039;首次开播时间&#039;,
`this_create_time` datetime NULL DEFAULT CURRENT_TIMESTAMP COMMENT &#039;此条数据创建时间&#039;
) ENGINE=OLAP
UNIQUE KEY(`pk_id`)
COMMENT &#039;主播表&#039;
DISTRIBUTED BY HASH(`pk_id`) BUCKETS 4
PROPERTIES (
“replication_allocation“ = “tag.location.default: 3“,
“min_load_replica_num“ = “-1“,
“is_being_synced“ = “false“,
“storage_medium“ = “hdd“,
“storage_format“ = “V2“,
“inverted_index_storage_format“ = “V1“,
“enable_unique_key_merge_on_write“ = “true“,
“light_schema_change“ = “true“,
“disable_auto_compaction“ = “false“,
“enable_single_replica_compaction“ = “false“,
“group_commit_interval_ms“ = “10000“,
“group_commit_data_bytes“ = “134217728“,
“enable_mow_light_delete“ = “false“
);
CREATE TABLE `ods_gateio_social_mt_reward_records_hi` (
`id` bigint NOT NULL COMMENT &#039;自增id&#039;,
`mid` bigint NULL COMMENT &#039;动态ID&#039;,
`uid` bigint NULL COMMENT &#039;用户id&#039;,
`name` varchar(765) NULL COMMENT &#039;用户名&#039;,
`reward_uid` bigint NULL COMMENT &#039;被打赏人ID&#039;,
`asset` varchar(255) NULL COMMENT &#039;币种&#039;,
`amount` decimal(18,6) NULL COMMENT &#039;打赏数量&#039;,
`order_id` varchar(255) NULL COMMENT &#039;订单ID&#039;,
`tx_id` varchar(255) NULL COMMENT &#039;交易流水号&#039;,
`status` tinyint NULL COMMENT &#039;打赏状态（0：用户扣款成功，主播未收到打赏;1：打赏成功；)&#039;,
`create_timest` datetime NULL COMMENT &#039;创建时间&#039;,
`update_timest` datetime NULL COMMENT &#039;更新时间&#039;,
`this_create_time` datetime NULL DEFAULT CURRENT_TIMESTAMP COMMENT &#039;此条数据创建时间&#039;
) ENGINE=OLAP
UNIQUE KEY(`id`)
COMMENT &#039;社交-动态打赏表&#039;
DISTRIBUTED BY HASH(`id`) BUCKETS 4
PROPERTIES (
“replication_allocation“ = “tag.location.default: 3“,
“min_load_replica_num“ = “-1“,
“is_being_synced“ = “false“,
“storage_medium“ = “hdd“,
“storage_format“ = “V2“,
“inverted_index_storage_format“ = “V1“,
“enable_unique_key_merge_on_write“ = “true“,
“light_schema_change“ = “true“,
“disable_auto_compaction“ = “false“,
“enable_single_replica_compaction“ = “false“,
“group_commit_interval_ms“ = “10000“,
“group_commit_data_bytes“ = “134217728“,
“enable_mow_light_delete“ = “false“
);
CREATE TABLE `ods_gateio_social_mt_news_user_statistics_hi` (
`id` int NOT NULL COMMENT &#039;自增id&#039;,
`uid` int NULL COMMENT &#039;用户id&#039;,
`following_count` int NULL COMMENT &#039;新增关注数&#039;,
`cancel_following_count` int NULL COMMENT &#039;取消关注数&#039;,
`shielding_count` int NULL COMMENT &#039;新增屏蔽数&#039;,
`cancel_shielding_count` int NULL COMMENT &#039;取消屏蔽数&#039;,
`create_timest` datetime NULL COMMENT &#039;创建时间&#039;,
`update_timest` datetime NULL COMMENT &#039;更新时间&#039;,
`like_count` int NULL COMMENT &#039;点赞数&#039;,
`comment_count` int NULL COMMENT &#039;评论数&#039;,
`share_count` int NULL COMMENT &#039;分享数&#039;,
`reward_count` decimal(18,6) NULL COMMENT &#039;reward_count&#039;,
`date` datetime NULL COMMENT &#039;时间&#039;,
`post_count` int NULL COMMENT &#039;发帖数&#039;,
`text_count` int NULL COMMENT &#039;短文本数量&#039;,
`long_text_count` int NULL COMMENT &#039;长文本数量&#039;,
`video_count` int NULL COMMENT &#039;视频动态数量&#039;,
`page_view` int NULL COMMENT &#039;浏览量&#039;,
`this_create_time` datetime NULL DEFAULT CURRENT_TIMESTAMP COMMENT &#039;此条数据创建时间&#039;
) ENGINE=OLAP
UNIQUE KEY(`id`)
COMMENT &#039;动态用户统计表&#039;
DISTRIBUTED BY HASH(`id`) BUCKETS 4
PROPERTIES (
“replication_allocation“ = “tag.location.default: 3“,
“min_load_replica_num“ = “-1“,
“is_being_synced“ = “false“,
“storage_medium“ = “hdd“,
“storage_format“ = “V2“,
“inverted_index_storage_format“ = “V1“,
“enable_unique_key_merge_on_write“ = “true“,
“light_schema_change“ = “true“,
“disable_auto_compaction“ = “false“,
“enable_single_replica_compaction“ = “false“,
“group_commit_interval_ms“ = “10000“,
“group_commit_data_bytes“ = “134217728“,
“enable_mow_light_delete“ = “false“
);
CREATE TABLE `ods_gateio_social_mt_news_user_message_statistics_hi` (
`id` int NOT NULL COMMENT &#039;自增主键&#039;,
`mid` int NULL COMMENT &#039;动态id&#039;,
`page_view` int NULL COMMENT &#039;pv&#039;,
`unique_view` int NULL COMMENT &#039;uv&#039;,
`like_count` int NULL COMMENT &#039;点赞数&#039;,
`comment_count` int NULL COMMENT &#039;评论数&#039;,
`share_count` int NULL COMMENT &#039;分享数&#039;,
`reward_count` decimal(18,6) NULL COMMENT &#039;赞数数单位 usdt&#039;,
`create_timest` datetime NULL COMMENT &#039;创建时间&#039;,
`update_timest` datetime NULL COMMENT &#039;更新时间&#039;,
`uid` int NULL COMMENT &#039;用户id&#039;,
`date` datetime NULL COMMENT &#039;时间&#039;,
`type` varchar(255) NULL COMMENT &#039;动态类型&#039;,
`this_create_time` datetime NULL DEFAULT CURRENT_TIMESTAMP COMMENT &#039;此条数据创建时间&#039;
) ENGINE=OLAP
UNIQUE KEY(`id`)
COMMENT &#039;动态帖子统计表&#039;
DISTRIBUTED BY HASH(`id`) BUCKETS 4
PROPERTIES (
“replication_allocation“ = “tag.location.default: 3“,
“min_load_replica_num“ = “-1“,
“is_being_synced“ = “false“,
“storage_medium“ = “hdd“,
“storage_format“ = “V2“,
“inverted_index_storage_format“ = “V1“,
“enable_unique_key_merge_on_write“ = “true“,
“light_schema_change“ = “true“,
“disable_auto_compaction“ = “false“,
“enable_single_replica_compaction“ = “false“,
“group_commit_interval_ms“ = “10000“,
“group_commit_data_bytes“ = “134217728“,
“enable_mow_light_delete“ = “false“
);
CREATE TABLE `ods_social_live_region_hf` (
`region_id` char(30) NULL COMMENT &#039;region_id&#039;,
`region_name` varchar(255) NULL COMMENT &#039;地区&#039;,
`this_create_time` datetime NULL DEFAULT CURRENT_TIMESTAMP COMMENT &#039;此条数据创建时间&#039;
) ENGINE=OLAP
UNIQUE KEY(`region_id`)
COMMENT &#039;社交-直播地区表&#039;
DISTRIBUTED BY HASH(`region_id`) BUCKETS 4
PROPERTIES (
“replication_allocation“ = “tag.location.default: 3“,
“min_load_replica_num“ = “-1“,
“is_being_synced“ = “false“,
“storage_medium“ = “hdd“,
“storage_format“ = “V2“,
“inverted_index_storage_format“ = “V1“,
“enable_unique_key_merge_on_write“ = “true“,
“light_schema_change“ = “true“,
“disable_auto_compaction“ = “false“,
“enable_single_replica_compaction“ = “false“,
“group_commit_interval_ms“ = “10000“,
“group_commit_data_bytes“ = “134217728“,
“enable_mow_light_delete“ = “false“
);
CREATE TABLE `ods_fx_history_usdt_liquidates_di` (
`part_date` date NOT NULL COMMENT &#039;按天分区&#039;,
`time` datetime(6) NOT NULL COMMENT &#039;成交时间&#039;,
`order_id` bigint NOT NULL,
`user_id` bigint NOT NULL COMMENT &#039;成交用户ID&#039;,
`contract` text NOT NULL COMMENT &#039;交易币对&#039;,
`leverage` decimal(38,18) NOT NULL,
`size` bigint NOT NULL COMMENT &#039;买卖数量，负数代表卖出&#039;,
`margin` decimal(38,18) NOT NULL,
`entry_price` decimal(38,18) NOT NULL,
`liq_price` decimal(38,18) NOT NULL,
`mark_price` decimal(38,18) NOT NULL,
`order_price` decimal(38,18) NOT NULL,
`fill_price` decimal(38,18) NOT NULL,
`left` bigint NOT NULL,
`order_size` bigint NULL,
`text` text NULL COMMENT &#039;成交相关的一些文本信息&#039;
) ENGINE=OLAP
UNIQUE KEY(`part_date`, `time`, `order_id`, `user_id`)
COMMENT &#039;合约交易-usdt-爆仓流水&#039;
PARTITION BY RANGE(`part_date`)
(PARTITION p2022 VALUES [(&#039;2022-01-01&#039;), (&#039;2023-01-01&#039;)),
PARTITION p2023 VALUES [(&#039;2023-01-01&#039;), (&#039;2024-01-01&#039;)),
PARTITION p2024 VALUES [(&#039;2024-01-01&#039;), (&#039;2024-12-13&#039;)),
PARTITION p202501 VALUES [(&#039;2025-01-01&#039;), (&#039;2025-02-01&#039;)),
PARTITION p202502 VALUES [(&#039;2025-02-01&#039;), (&#039;2025-03-01&#039;)),
PARTITION p202503 VALUES [(&#039;2025-03-01&#039;), (&#039;2025-04-01&#039;)),
PARTITION p202504 VALUES [(&#039;2025-04-01&#039;), (&#039;2025-05-01&#039;)),
PARTITION p202505 VALUES [(&#039;2025-05-01&#039;), (&#039;2025-06-01&#039;)),
PARTITION p202506 VALUES [(&#039;2025-06-01&#039;), (&#039;2025-07-01&#039;)),
PARTITION p202507 VALUES [(&#039;2025-07-01&#039;), (&#039;2025-08-01&#039;)),
PARTITION p202508 VALUES [(&#039;2025-08-01&#039;), (&#039;2025-09-01&#039;)))
DISTRIBUTED BY HASH(`part_date`) BUCKETS 3
PROPERTIES (
“replication_allocation“ = “tag.location.default: 3“,
“min_load_replica_num“ = “-1“,
“is_being_synced“ = “false“,
“dynamic_partition.enable“ = “true“,
“dynamic_partition.time_unit“ = “MONTH“,
“dynamic_partition.time_zone“ = “Etc/UTC“,
“dynamic_partition.start“ = “-40“,
“dynamic_partition.end“ = “1“,
“dynamic_partition.prefix“ = “p“,
“dynamic_partition.replication_allocation“ = “tag.location.default: 3“,
“dynamic_partition.buckets“ = “3“,
“dynamic_partition.create_history_partition“ = “true“,
“dynamic_partition.history_partition_num“ = “-1“,
“dynamic_partition.hot_partition_num“ = “0“,
“dynamic_partition.reserved_history_periods“ = “NULL“,
“dynamic_partition.storage_policy“ = “,
“dynamic_partition.start_day_of_month“ = “1“,
“storage_medium“ = “hdd“,
“storage_format“ = “V2“,
“inverted_index_storage_format“ = “V1“,
“enable_unique_key_merge_on_write“ = “false“,
“light_schema_change“ = “true“,
“disable_auto_compaction“ = “false“,","1. 进入【数据资产】-【数据模型】页面
2. 点击【新建表】，数据源选择Doris类型，输入必填项，选择表类型为明细表，点击下一步
3. 点击建表语句模式，输入前提条件内的建表SQL，点击解析
4. 点击生成建表语句
5. 点击建表
6. 点击表名","1. 成功进入目标页面，页面内容正常加载显示，无报错
2. 跳转【字段配置】页面
3. 字段解析正确，内容与预期完全一致，无异常或错误
4. 建表语句生成正确，内容与预期完全一致，无异常或错误
5. 系统提示建表成功，数据库中成功创建该表，表结构与配置字段一致
6. 跳转到数据地图详情页",3,功能测试
159386,验证Doris建表语句模式建表-复合分区字段校验,/版本迭代测试用例/v7.0.2/【数据模型】支持Doris建表解析模式(#9255),【数据模型】支持doris建表解析(#14689),"CREATE TABLE IF NOT EXISTS example_db.composite_partitioned_table
(
id BIGINT,
name VARCHAR(50),
age INT,
salary DOUBLE,
hire_date DATE,
department_id INT
)
PARTITION BY RANGE(hire_date)
SUBPARTITION BY LIST(department_id)
(
PARTITION p2023 VALUES LESS THAN (&#039;2024-01-01&#039;)
(
SUBPARTITION dept_1_2023 VALUES IN (1, 2),
SUBPARTITION dept_3_2023 VALUES IN (3, 4)
),
PARTITION p2024 VALUES LESS THAN (&#039;2025-01-01&#039;)
(
SUBPARTITION dept_1_2024 VALUES IN (1, 2),
SUBPARTITION dept_3_2024 VALUES IN (3, 4)
)
)
DISTRIBUTED BY HASH(id) BUCKETS 10;","1. 进入【数据资产】-【数据模型】页面
2. 点击【新建表】，数据源选择Doris类型，输入必填项，选择表类型为明细表，点击下一步
3. 点击建表语句模式，输入前提条件内的建表SQL，点击解析
4. 点击生成建表语句
5. 点击建表
6. 点击表名","1. 成功进入目标页面，页面内容正常加载显示，无报错
2. 跳转【字段配置】页面
3. 字段解析正确，内容与预期完全一致，无异常或错误
4. 建表语句生成正确，内容与预期完全一致，无异常或错误
5. 系统提示建表成功，数据库中成功创建该表，表结构与配置字段一致
6. 跳转到数据地图详情页",1,功能测试
159385,验证Doris建表语句模式建表-list分区字段校验,/版本迭代测试用例/v7.0.2/【数据模型】支持Doris建表解析模式(#9255),【数据模型】支持doris建表解析(#14689),"CREATE TABLE IF NOT EXISTS example_db.list_partitioned_table
(
id BIGINT,
name VARCHAR(50),
department_id INT,
salary DOUBLE
)
PARTITION BY LIST(department_id)
(
PARTITION dept_1 VALUES IN (1, 2, 3),
PARTITION dept_2 VALUES IN (4, 5, 6)
)
DISTRIBUTED BY HASH(id) BUCKETS 10;","1. 进入【数据资产】-【数据模型】页面
2. 点击【新建表】，数据源选择Doris类型，输入必填项，选择表类型为明细表，点击下一步
3. 点击建表语句模式，输入前提条件内的建表SQL，点击解析
4. 点击生成建表语句
5. 点击建表
6. 点击表名","1. 成功进入目标页面，页面内容正常加载显示，无报错
2. 跳转【字段配置】页面
3. 字段解析正确，内容与预期完全一致，无异常或错误
4. 建表语句生成正确，内容与预期完全一致，无异常或错误
5. 系统提示建表成功，数据库中成功创建该表，表结构与配置字段一致
6. 跳转到数据地图详情页",3,功能测试
159384,验证Doris建表语句模式建表-ranger分区字段校验,/版本迭代测试用例/v7.0.2/【数据模型】支持Doris建表解析模式(#9255),【数据模型】支持doris建表解析(#14689),"CREATE TABLE IF NOT EXISTS example_db.date_range_partitioned_table
(
id BIGINT,
name VARCHAR(50),
age INT,
salary DOUBLE,
hire_date DATE
)
PARTITION BY RANGE(hire_date)
(
PARTITION p2023 VALUES LESS THAN (&#039;2024-01-01&#039;),
PARTITION p2024 VALUES LESS THAN (&#039;2025-01-01&#039;),
PARTITION p2025 VALUES LESS THAN (&#039;2026-01-01&#039;)
)
DISTRIBUTED BY HASH(id) BUCKETS 10;","1. 进入【数据资产】-【数据模型】页面
2. 点击【新建表】，数据源选择Doris类型，输入必填项，选择表类型为明细表，点击下一步
3. 点击建表语句模式，输入前提条件内的建表SQL，点击解析
4. 点击生成建表语句
5. 点击建表
6. 点击表名","1. 成功进入目标页面，页面内容正常加载显示，无报错
2. 跳转【字段配置】页面
3. 字段解析正确，内容与预期完全一致，无异常或错误
4. 建表语句生成正确，内容与预期完全一致，无异常或错误
5. 系统提示建表成功，数据库中成功创建该表，表结构与配置字段一致
6. 跳转到数据地图详情页",3,功能测试
159383,验证Doris建表语句模式建表-动态分区字段校验,/版本迭代测试用例/v7.0.2/【数据模型】支持Doris建表解析模式(#9255),【数据模型】支持doris建表解析(#14689),"CREATE TABLE test_dynamic_partition(
order_id    BIGINT,
create_dt   DATE,
username    VARCHAR(20)
)
DUPLICATE KEY(order_id)
PARTITION BY RANGE(create_dt) ()
DISTRIBUTED BY HASH(order_id) BUCKETS 10
PROPERTIES(
“dynamic_partition.enable“ = “true“,
“dynamic_partition.time_unit“ = “DAY“,
“dynamic_partition.start“ = “-1“,
“dynamic_partition.end“ = “2“,
“dynamic_partition.prefix“ = “p“,
“dynamic_partition.create_history_partition“ = “true“
);","1. 进入【数据资产】-【数据模型】页面
2. 点击【新建表】，数据源选择Doris类型，输入必填项，选择表类型为明细表，点击下一步
3. 点击建表语句模式，输入前提条件内的建表SQL，点击解析
4. 点击生成建表语句
5. 点击建表
6. 点击表名","1. 成功进入目标页面，页面内容正常加载显示，无报错
2. 跳转【字段配置】页面
3. 字段解析正确，内容与预期完全一致，无异常或错误
4. 建表语句生成正确，内容与预期完全一致，无异常或错误
5. 系统提示建表成功，数据库中成功创建该表，表结构与配置字段一致
6. 跳转到数据地图详情页",3,功能测试
159382,验证Doris建表语句模式建表-分桶字段校验,/版本迭代测试用例/v7.0.2/【数据模型】支持Doris建表解析模式(#9255),【数据模型】支持doris建表解析(#14689),"CREATE TABLE demo.hash_bucket_tbl(
oid         BIGINT,
dt          DATE,
region      VARCHAR(10),
amount      INT
)
DUPLICATE KEY(oid)
PARTITION BY RANGE(dt) (
PARTITION p250101 VALUES LESS THAN(“2025-01-01“),
PARTITION p250102 VALUES LESS THAN(“2025-01-02“)
)
DISTRIBUTED BY HASH(region) BUCKETS 8;","1. 进入【数据资产】-【数据模型】页面
2. 点击【新建表】，数据源选择Doris类型，输入必填项，选择表类型为明细表，点击下一步
3. 点击建表语句模式，输入前提条件内的建表SQL，点击解析
4. 点击生成建表语句
5. 点击建表
6. 点击表名","1. 成功进入目标页面，页面内容正常加载显示，无报错
2. 跳转【字段配置】页面
3. 字段解析正确，内容与预期完全一致，无异常或错误
4. 建表语句生成正确，内容与预期完全一致，无异常或错误
5. 系统提示建表成功，数据库中成功创建该表，表结构与配置字段一致
6. 跳转到数据地图详情页",3,功能测试
159381,验证Doris建表语句模式建表-支持聚合表,/版本迭代测试用例/v7.0.2/【数据模型】支持Doris建表解析模式(#9255),【数据模型】支持doris建表解析(#14689),"CREATE TABLE IF NOT EXISTS example_tbl_agg
(
user_id             LARGEINT    NOT NULL,
load_dt             DATE        NOT NULL,
city                VARCHAR(20),
last_visit_dt       DATETIME    REPLACE DEFAULT “1970-01-01 00:00:00“,
cost                BIGINT      SUM DEFAULT “0“,
max_dwell           INT         MAX DEFAULT “0“,
)
AGGREGATE KEY(user_id, load_dt, city)
DISTRIBUTED BY HASH(user_id) BUCKETS 10;","1. 进入【数据资产】-【数据模型】页面
2. 点击【新建表】，数据源选择Doris类型，输入必填项，选择表类型为聚合表，点击下一步
3. 点击建表语句模式，输入前提条件内的建表SQL，点击解析
4. 点击生成建表语句
5. 点击建表
6. 点击表名","1. 成功进入目标页面，页面内容正常加载显示，无报错
2. 跳转【字段配置】页面
3. 字段解析正确，内容与预期完全一致，无异常或错误
4. 建表语句生成正确，内容与预期完全一致，无异常或错误
5. 系统提示建表成功，数据库中成功创建该表，表结构与配置字段一致
6. 跳转到数据地图详情页",2,功能测试
159380,验证Doris建表语句模式建表-支持主键表,/版本迭代测试用例/v7.0.2/【数据模型】支持Doris建表解析模式(#9255),【数据模型】支持doris建表解析(#14689),"CREATE TABLE IF NOT EXISTS example_tbl_unique
(
user_id         LARGEINT        NOT NULL,
user_name       VARCHAR(50)     NOT NULL,
city            VARCHAR(20),
age             SMALLINT,
sex             TINYINT
)
UNIQUE KEY(user_id, user_name)
DISTRIBUTED BY HASH(user_id) BUCKETS 10
PROPERTIES (
“enable_unique_key_merge_on_write“ = “true“
);","1. 进入【数据资产】-【数据模型】页面
2. 点击【新建表】，数据源选择Doris类型，输入必填项，选择表类型为主键表，点击下一步
3. 点击建表语句模式，输入前提条件内的建表SQL，点击解析
4. 点击生成建表语句
5. 点击建表
6. 点击表名","1. 成功进入目标页面，页面内容正常加载显示，无报错
2. 跳转【字段配置】页面
3. 字段解析正确，内容与预期完全一致，无异常或错误
4. 建表语句生成正确，内容与预期完全一致，无异常或错误
5. 系统提示建表成功，数据库中成功创建该表，表结构与配置字段一致
6. 跳转到数据地图详情页",2,功能测试
159379,验证Doris建表语句模式建表-支持明细表,/版本迭代测试用例/v7.0.2/【数据模型】支持Doris建表解析模式(#9255),【数据模型】支持doris建表解析(#14689),"CREATE TABLE IF NOT EXISTS example_tbl_duplicate
(
log_time        DATETIME       NOT NULL,
log_type        INT            NOT NULL,
error_code      INT,
error_msg       VARCHAR(1024),
op_id           BIGINT,
op_time         DATETIME
)
DUPLICATE KEY(log_time, log_type, error_code)
DISTRIBUTED BY HASH(log_type) BUCKETS 10;","1. 进入【数据资产】-【数据模型】页面
2. 点击【新建表】，数据源选择Doris类型，输入必填项，选择表类型为明细表，点击下一步
3. 点击建表语句模式，输入前提条件内的建表SQL，点击解析
4. 点击生成建表语句
5. 点击建表
6. 点击表名","1. 成功进入目标页面，页面内容正常加载显示，无报错
2. 跳转【字段配置】页面
3. 字段解析正确，内容与预期完全一致，无异常或错误
4. 建表语句生成正确，内容与预期完全一致，无异常或错误
5. 系统提示建表成功，数据库中成功创建该表，表结构与配置字段一致
6. 跳转到数据地图详情页",1,功能测试
159378,验证Doris新增【建表语句模式】建表,/版本迭代测试用例/v7.0.2/【数据模型】支持Doris建表解析模式(#9255),【数据模型】支持doris建表解析(#14689),无,"1. 进入【数据资产】-【数据模型】页面
2. 点击【新建表】，数据源选择Doris类型，输入必填项，点击下一步","1. 成功进入目标页面，页面内容正常加载显示，无报错
2. 跳转【字段配置】页面，页面新增【建表语句模式】tab按钮",2,功能测试
